siteID,fcity,city,site,habitat_prop,scale_habitat_prop,ag_prop,scale_ag_prop,imp_mean,scale_imp_value,pop_dens,scale_pop_dens
boma_ALN,"Boston, MA",boma,ALN,0.5467397856997167,0.05443632193703085,0.00197114633898832,-0.08156856780526361,53.018497546243864,0.11800024770154424,1977.51465354482,0.22378890249592623
boma_ARB1,"Boston, MA",boma,ARB1,0.46567381252674905,-0.2763898680501964,0.00394212388421594,-0.06782614844202464,57.15729537366549,0.36706951738258864,2435.0918549285907,0.4669415009268475
boma_ARB2,"Boston, MA",boma,ARB2,0.32622906944669117,-0.8454569039629478,0.00140848808001068,-0.08549163926378077,65.39332220367278,0.8627064808583682,4119.575725481189,1.362061775497344
boma_BDL,"Boston, MA",boma,BDL,0.7043318424900182,0.6975616392504531,0.00338255944524956,-0.07172764858831043,45.52196752626552,-0.3331344380391285,194.56089373421125,-0.7236574262745676
boma_BNC,"Boston, MA",boma,BNC,0.515694356742769,-0.0722585239563509,0.0030994678167962,-0.07370147314346488,57.37995337995338,0.38046888341282353,2189.9946846151943,0.3366989677553026
boma_BRA,"Boston, MA",boma,BRA,0.6458961689857798,0.45908857258539715,0,-0.09531216406402394,46.26569037656904,-0.2883778408594103,802.5963815694975,-0.4005525854777366
boma_BRD1,"Boston, MA",boma,BRD1,0.8391151744311508,1.2476056889866949,0.00159679353822174,-0.08417870062508899,35.05364806866953,-0.9631088390152724,266.20738060517124,-0.6855850979364481
boma_BRD2,"Boston, MA",boma,BRD2,0.8239998470584086,1.185920792483146,0.00691164718116432,-0.04712148107816585,39.52164948453608,-0.6942283824221482,403.6565941981504,-0.6125457652591426
boma_BRT,"Boston, MA",boma,BRT,0.16436539302073538,-1.506014487785068,0,-0.09531216406402394,70.77168405365127,1.1863716401418467,6411.135755754498,2.579777112136401
boma_BSU,"Boston, MA",boma,BSU,0.7136361288876383,0.7355319676014985,0.00169028643177511,-0.08352683193495397,46.465362242199895,-0.2763617608713934,1349.8874722175417,-0.1097267961098908
boma_DAN,"Boston, MA",boma,DAN,0.6748361853849553,0.5771913349253881,0.0048249224635671,-0.06167093458883268,39.17967145790554,-0.7148083239635057,836.8859243228638,-0.3823314166907531
boma_EVR,"Boston, MA",boma,EVR,0.30319204324873006,-0.9394698579485394,2.8178902662822193e-4,-0.09334742175366102,58.61013645224172,0.4545002355505822,4648.988760375594,1.64338731944596
boma_FRPO1,"Boston, MA",boma,FRPO1,0.22791189126507255,-1.2466844004702782,5.634942299942678e-4,-0.09138326389157048,69.32255489021956,1.0991643018132935,2201.2475518888,0.3426786448657465
boma_FRPO2,"Boston, MA",boma,FRPO2,0.31073334392618696,-0.9086941863193596,0,-0.09531216406402394,57.782174414137536,0.4046741969874209,2697.6657569327263,0.606471019354284
boma_FVW,"Boston, MA",boma,FVW,0.28251334079000195,-1.0238586104736465,0,-0.09531216406402394,64.39396709323583,0.8025661556027092,1854.9871753764933,0.15867885198265913
boma_GLD,"Boston, MA",boma,GLD,0.22189546527136308,-1.27123713463153,0,-0.09531216406402394,67.2312986235787,0.9733143103986036,5129.914626286536,1.8989471978560952
boma_GRT,"Boston, MA",boma,GRT,0.8729244321952422,1.3855795822813006,0.0891590051954122,0.5263389766967204,24.87984496124031,-1.5753595010450123,78.64069137991781,-0.7852564271160558
boma_HAB,"Boston, MA",boma,HAB,0.6796876503543414,0.596989921297182,0.00338107643573705,-0.071737988705421335,42.436604584527224,-0.5188089084150965,886.7249670482857,-0.3558473770459714
boma_HAL,"Boston, MA",boma,HAL,0.1358856067297696,-1.622239074026543,0,-0.09531216406402394,77.42870257037944,1.5869852505069633,8853.667386916088,3.87771746202841
boma_MTA,"Boston, MA",boma,MTA,0.432219934016864,-0.41291347634768383,0,-0.09531216406402394,53.02073802988716,0.1181350780672778,1536.677842921819,-0.01046799593088538
boma_MUS,"Boston, MA",boma,MUS,0.5993033888579882,0.26894576263354036,0.0011268898432167,-0.08745505131347243,47.281786941580755,-0.22723002936301065,858.7067545382366,-0.3707360147547684
boma_PKN,"Boston, MA",boma,PKN,0.8275144931811396,1.2002638878710912,8.453506458880497e-4,-0.08941805171712912,33.85604508196721,-1.0351795498118928,290.0933526930507,-0.6728922973300095
boma_SRN,"Boston, MA",boma,SRN,0.30668255659913124,-0.925225247199848,1.234010555850364e-4,-0.09445176407630104,59.59019264448336,0.5134791686191928,3193.803782380696,0.870114508809699
boma_STN,"Boston, MA",boma,STN,0.6940334249590753,0.6555343113678882,0.02622005524415098,0.08750422355281455,46.62520458265139,-0.2667425872223232,767.8544431856589,-0.4190141534208307
boma_STR,"Boston, MA",boma,STR,0.7701496021036737,0.9661606308399564,0.18536557397665207,1.1971284622955596,30.0359375,-1.2650703164590618,113.98973001561068,-0.7664722513085402
boma_TKR,"Boston, MA",boma,TKR,0.8240008794208201,1.1859250055026156,0.03206738926786334,0.1282741026949491,35.6013986013986,-0.930145686224786,474.1960620979853,-0.575061697303156
boma_ZNE,"Boston, MA",boma,ZNE,0.4926518978762392,-0.16629364839119137,0.00112709084309246,-0.08745364986443442,54.73205574912892,0.22112069666882972,4592.892907483194,1.6135784645669642
chil_C04-MBP1,"Chicago, IL",chil,C04-MBP1,0.35542003969846087,-0.07871649466733885,0,-0.07875693010794618,61.46949152542373,0.1552346160372308,1772.86305965958,0.11503880158237416
chil_C05-BEA1,"Chicago, IL",chil,C05-BEA1,0.47855354289916274,0.4237851854981693,0.01229521275869573,0.00697005866438432,54.53920619554695,-0.2618239545354226,287.0857959725895,-0.6744904871639807
chil_C05-BMP1,"Chicago, IL",chil,C05-BMP1,0.3384817494842832,-0.14784081153081563,0.00140965933096016,-0.06892823889212603,50.82716049382716,-0.485211650794553,2.118845449564168,-0.8259194794237927
chil_C05-BMP2,"Chicago, IL",chil,C05-BMP2,0.3153202199044836,-0.2423618576029141,0.00500123102817981,-0.04388640898602605,72.43280632411067,0.8149974080490995,1.791091018833826,-0.8260936453158833
chil_C05-EGG1,"Chicago, IL",chil,C05-EGG1,0.27618088123945234,-0.4020875449951408,0.03365815848440493,0.15592079618428148,65.43505234587049,0.3938786326355852,1459.1574673260793,-0.0516616583346122
chil_C05-SPA1,"Chicago, IL",chil,C05-SPA1,0.224452589372273,-0.61318812200854,0,-0.07875693010794618,73.14475806451613,0.8578420473441298,341.5772761484762,-0.645534182179718
chil_C06-BEA2,"Chicago, IL",chil,C06-BEA2,0.412392585846833,0.15378562229265982,0.07797070800576132,0.4648850662497986,59.67746913580247,0.04739226025028344,10.0027623789243,-0.8217300336179479
chil_C06-HMP1,"Chicago, IL",chil,C06-HMP1,0.3057090625007398,-0.2815845112120164,0.06646496851118909,0.3846625910615623,73.94962216624685,0.9062780720956576,8.567733755948208,-0.8224925955144851
chil_D02-BMT1,"Chicago, IL",chil,D02-BMT1,0.00503048035791689,-1.5086387961069987,0,-0.07875693010794618,86.28865979381443,1.6488306727815834,5331.46902350424,2.0060514750369842
chil_D02-HUP0,"Chicago, IL",chil,D02-HUP0,0.16552096825815643,-0.8536851261135276,0,-0.07875693010794618,70.19865935405241,0.6805483778244967,7601.509827960158,3.2123316797291332
chil_D02-JBS1,"Chicago, IL",chil,D02-JBS1,0.0947118635404117,-1.1426535479222175,0.00169237435460109,-0.06695704017168952,75.00054585152839,0.969521749534874,8779.890085177876,3.838512836953957
chil_D02-MDU1,"Chicago, IL",chil,D02-MDU1,0.11626102994933075,-1.054712475466917,0.00641447027413319,-0.03403275721535802,43.68840579710145,-0.9148157273612212,1.6405314680670475,-0.8261736513692374
chil_D02-MOP1,"Chicago, IL",chil,D02-MOP1,0.00532098589843984,-1.5074532574971518,0,-0.07875693010794618,77.81574492099323,1.1389379919984937,9329.127723044678,4.130373004810893
chil_D02-RCP1,"Chicago, IL",chil,D02-RCP1,0.03663973586163552,-1.3796430022205068,0,-0.07875693010794618,79.39352249928346,1.2338872805431558,4728.699945309093,1.6857451591328465
chil_D02-SCP1,"Chicago, IL",chil,D02-SCP1,0.00777077851221663,-1.497455776125462,0,-0.07875693010794618,81.70593244393983,1.3730461088151689,6693.2057000958885,2.729666660169961
chil_D03-AFP1,"Chicago, IL",chil,D03-AFP1,0.03325961650249115,-1.3934371006013635,0,-0.07875693010794618,75.93236714975845,1.0255979484459936,6279.904583880406,2.510041993472659
chil_D03-AMP1,"Chicago, IL",chil,D03-AMP1,0.05486472541010461,-1.3052677296013455,0,-0.07875693010794618,70.82724440668366,0.7183760820322234,4304.056826806711,1.460093449743887
chil_D03-CHP1,"Chicago, IL",chil,D03-CHP1,0.01295892146294866,-1.476283223717591,0,-0.07875693010794618,72.39960463146004,0.8129993589330304,7474.7146295261155,3.1449537992871748
chil_D03-GOM1,"Chicago, IL",chil,D03-GOM1,0.413026145862783,0.15637114909263758,0,-0.07875693010794618,52.86364998501648,-0.3626574765067895,4203.005834973017,1.4063958197831303
chil_D03-HOR1,"Chicago, IL",chil,D03-HOR1,0.09510851666902666,-1.141034826303886,0,-0.07875693010794618,69.69208296815658,0.6500630495398486,6336.705147021703,2.5402253253309315
chil_D03-NPV1,"Chicago, IL",chil,D03-NPV1,0.4756258527900218,0.4118374283028805,0.00140970382087926,-0.06892792869116648,51.17380585516179,-0.4643508330919098,1886.2285975466395,0.17528027564707227
chil_D03-STB1,"Chicago, IL",chil,D03-STB1,0.05834917478292263,-1.2910478656424786,0,-0.07875693010794618,77.4052379611377,1.1142340385913525,10206.621586084842,4.596665714019657
chil_D04-DNP1,"Chicago, IL",chil,D04-DNP1,0.17014231202867786,-0.8348256528674503,0,-0.07875693010794618,59.6055900621118,0.04306663983198978,4426.34560137918,1.5250766552145865
chil_D04-EDW0,"Chicago, IL",chil,D04-EDW0,0.5776354648692553,0.8281335632329099,0.00112742025129804,-0.07089611914667429,48.144911902193456,-0.6466270486173082,1950.5854178942911,0.20947893774597148
chil_D04-FGP1,"Chicago, IL",chil,D04-FGP1,0.25176685629229595,-0.5017199621412062,0,-0.07875693010794618,63.569317824583464,0.2816003445885539,3210.8000732856926,0.8791461919546197
chil_D04-RDP1,"Chicago, IL",chil,D04-RDP1,0.19867860271861695,-0.7183704749942684,5.637374170039245e-4,-0.07482633434140619,61.76640045636052,0.1731023384227615,3528.2402928219094,1.0478312007209916
chil_D04-ROS0,"Chicago, IL",chil,D04-ROS0,0.3576264183446187,-0.06971237354712286,0,-0.07875693010794618,57.41609977324263,-0.08869498998458804,6608.759286168492,2.6847925604278315
chil_D05-ADC2,"Chicago, IL",chil,D05-ADC2,0.5735800796772091,0.8115837386949046,0.00112771077715811,-0.07089409348777495,44.28447164948454,-0.8789450004677182,2040.0389918288224,0.25701379935038815
chil_D05-BRP1,"Chicago, IL",chil,D05-BRP1,0.35696366698974263,-0.0724170287441278,2.8202983347220975e-4,-0.07679050879893429,53.88956170703575,-0.300918997360117,2717.0099587418754,0.6167503622066869
chil_D05-MIA1,"Chicago, IL",chil,D05-MIA1,0.30604235108319566,-0.2802243771436218,5.642775595597501e-4,-0.07482256825815677,62.813092979127134,0.23609138816537717,1450.0442567067455,-0.05650434025896959
chil_D05-PRC1,"Chicago, IL",chil,D05-PRC1,0.6121224663569409,0.9688732948328924,0.00140979343833728,-0.06892730384351496,44.40535966149506,-0.8716700645756666,1885.0774198552992,0.17466854969993456
chil_D06-KCG1,"Chicago, IL",chil,D06-KCG1,0.650808542986169,1.126749242482272,0.00902708177511817,-0.01581661722599519,46.6391426563598,-0.7372429380630625,1086.4013308413355,-0.2497410707118901
chil_D07-ASC0,"Chicago, IL",chil,D07-ASC0,0.6980192346680113,1.319413718642212,0.01341664416761292,0.01478911309540184,41.43837255684085,-1.0502207795714928,218.57756208282507,-0.7108951747966551
chil_D07-NOC1,"Chicago, IL",chil,D07-NOC1,0.6699210179727962,1.2047462988743678,0.00789724271038944,-0.02369429309199747,50.66563626996393,-0.49493203873108427,909.3353388768533,-0.34383241947164406
chil_D08-CCC1,"Chicago, IL",chil,D08-CCC1,0.5720080767662898,0.8051684732843651,0.00364033772595349,-0.05337508454861722,45.814588573481856,-0.7868638888314828,1158.1580976572006,-0.21161014055733943
chil_D08-DAW0,"Chicago, IL",chil,D08-DAW0,0.6486240141645631,1.1178342894053852,0.01220746933625617,0.00635827751525359,58.05253731343283,-0.05039472987463042,803.4197059962438,-0.40011507794215656
chil_D08-DAW2,"Chicago, IL",chil,D08-DAW2,0.6632755802516116,1.1776265992513697,0.00140998402199621,-0.06892597502037785,53.60420121614151,-0.31809174462309,1537.5904684160691,-0.00998303457430976
chil_D09-CLG0,"Chicago, IL",chil,D09-CLG0,0.7302929776304251,1.4511212526787345,0.04838265524911412,0.2585856945963643,32.686609686609685,-1.5768942913985058,690.4142562754761,-0.4601652042451365
chil_D09-RYW1,"Chicago, IL",chil,D09-RYW1,0.9798850501453634,2.4696940418433404,0.0017040517526263,-0.06687562082669374,20.66688785666888,-2.3002307438624574,302.56290471822797,-0.6662660843827248
chil_D09-VTC1,"Chicago, IL",chil,D09-VTC1,0.6393139883365754,1.079840538725502,9.468297534562908e-4,-0.07215526609148176,46.633663366336634,-0.73757267699242,646.9439342845404,-0.4832649603404141
chil_D10-CAN0,"Chicago, IL",chil,D10-CAN0,0.5727924017401284,0.8083692643518231,0.00867718890793801,-0.01825620590859514,70.7277970011534,0.7123914232738306,167.9480938221664,-0.7377992397883679
chil_D10-MAC1,"Chicago, IL",chil,D10-MAC1,0.9269544410075296,2.2536868680639,0.02374057825846139,0.08677158296087908,22.75487012987013,-2.1745777785381804,53.41873037728643,-0.7986591607679223
chil_D10-VHC1,"Chicago, IL",chil,D10-VHC1,0.47980388560530224,0.428887771669162,0.00818708341097128,-0.02167341139013583,53.32868405093996,-0.3346721290687086,197.26345078008293,-0.7222213106505283
chil_J01-BBS1,"Chicago, IL",chil,J01-BBS1,0.03896153919417845,-1.3701678387167526,0,-0.07875693010794618,81.43984023964055,1.3570329103560574,1111.6122231352583,-0.23634421887685275
chil_J01-CLP1,"Chicago, IL",chil,J01-CLP1,0.02206407783021357,-1.4391255350805452,0,-0.07875693010794618,82.93356541920511,1.4469239983220783,5301.691054992578,1.9902277180890673
chil_J01-LMP1,"Chicago, IL",chil,J01-LMP1,0.121761433841864,-1.0322656017425358,0.00112876314662005,-0.07088675596000552,70.00199600798403,0.6687133479388266,3341.3330639817823,0.9485103031313336
chil_J01-NOR1,"Chicago, IL",chil,J01-NOR1,0.02905467343836439,-1.4105972633499204,0,-0.07875693010794618,81.22739726027397,1.3442482758012788,144.39639091486146,-0.7503144126205504
chil_J01-SEP1,"Chicago, IL",chil,J01-SEP1,0.01798057379708988,-1.455790111205393,0,-0.07875693010794618,86.02694181713959,1.6330807115534909,14320.12112312812,6.782544070834007
chil_J01-SKP1,"Chicago, IL",chil,J01-SKP1,0.03470759200986932,-1.387527984833658,0,-0.07875693010794618,86.86634230108758,1.683595105883568,5892.277578552597,2.3040603289963215
chil_J01-UIC1,"Chicago, IL",chil,J01-UIC1,0.0328064602551032,-1.3952864086269685,0,-0.07875693010794618,85.18964530892448,1.5826929326612942,4321.96864741145,1.4696116375152617
chil_R02-DPG1,"Chicago, IL",chil,R02-DPG1,0.16563963367945214,-0.8532008584525853,2.819311846988286e-4,-0.07679119661641691,69.60695187165776,0.644939933863208,4160.354573001265,1.383731305153846
chil_R02-FRP1,"Chicago, IL",chil,R02-FRP1,0.07507640862607168,-1.222784859293969,0,-0.07875693010794618,75.42123094297007,0.9948382140881472,3287.0017247376604,0.9196390956640712
chil_R02-HRF1,"Chicago, IL",chil,R02-HRF1,0.0719435992088922,-1.2355696981465196,1.918791442760963e-4,-0.07741907434490804,72.00991782374611,0.7895483442546662,5835.363959340911,2.273816920112357
chil_R03-AUP1,"Chicago, IL",chil,R03-AUP1,0.195057703300146,-0.733147184778333,0,-0.07875693010794618,65.5877217685159,0.4030661463017479,6868.538445172507,2.822836976406171
chil_R03-CPG1,"Chicago, IL",chil,R03-CPG1,0.2018855839513108,-0.7052829446650029,8.460775952869981e-4,-0.07285774918808849,63.14756944444444,0.2562198922421221,5374.9317137377675,2.0291471756818615
chil_R03-EUC1,"Chicago, IL",chil,R03-EUC1,0.09378727399995294,-1.1464267516845337,0,-0.07875693010794618,65.15080942913944,0.3767731400181031,5515.5191452299,2.103854130422316
chil_R03-MAP1,"Chicago, IL",chil,R03-MAP1,0.11331320542903792,-1.0667424001890766,0,-0.07875693010794618,67.29522184300342,0.5058220223474927,4174.797066333954,1.391405922182502
chil_R04-MMW0,"Chicago, IL",chil,R04-MMW0,0.4312828683539833,0.23087592226708628,0.08859157135768773,0.5389378420083236,54.03886925795053,-0.29193379822383153,604.1113261706797,-0.5060258407535176
chil_R04-MMW3,"Chicago, IL",chil,R04-MMW3,0.5372845488762171,0.6634634892428166,0.07247550107039297,0.4265703536461649,48.36106543900033,-0.6336191159285541,745.3326065961584,-0.43098206412882223
chil_R04-SCH1,"Chicago, IL",chil,R04-SCH1,0.27917768128389375,-0.3898577536036188,0,-0.07875693010794618,65.04838709677419,0.3706094527386173,1591.3083822746848,0.01856220390678314
chil_R05-FMG1,"Chicago, IL",chil,R05-FMG1,0.5096239211905257,0.5505818483799154,0,-0.07875693010794618,48.756381168462845,-0.6098293576131553,305.17493451242103,-0.66487807416343
chil_R05-GOC1,"Chicago, IL",chil,R05-GOC1,0.4373370607057685,0.2555827790504794,0,-0.07875693010794618,50.92917607223476,-0.479072441616051,1764.7878463230268,0.11074770250722556
chil_R05-MTC1,"Chicago, IL",chil,R05-MTC1,0.5144993495163251,0.5704782280130645,0,-0.07875693010794618,50.36752136752137,-0.5128723354376431,737.8898380959852,-0.4349370874448093
chil_R05-STP1,"Chicago, IL",chil,R05-STP1,0.09891092215986062,-1.1255173992986602,0,-0.07875693010794618,69.29602480969834,0.626228612490318,2689.735446738904,0.602256920565796
chil_R06-OTB1,"Chicago, IL",chil,R06-OTB1,0.3906848851524922,0.06519757933203331,0.00253598587153667,-0.06107505370590864,56.26248941574936,-0.15811826244637325,2146.507502109278,0.3135902521270412
chil_R06-SLT2,"Chicago, IL",chil,R06-SLT2,0.6432405603280082,1.0958646830217114,0,-0.07875693010794618,44.51972358191765,-0.8647877428665,1520.272646698775,-0.0191855764338897
chil_R06-YOW1,"Chicago, IL",chil,R06-YOW1,0.5895453743790554,0.8767373094411116,0.00197276494731793,-0.06500204828456635,49.06955708047411,-0.590982702391309,621.2150568991744,-0.49693706500831114
chil_R07-FSP1,"Chicago, IL",chil,R07-FSP1,0.3573391723674188,-0.07088461004175482,0,-0.07875693010794618,58.61429782424414,-0.01658846873367796,2045.804463252105,0.26007752139228807
chil_R07-GOF1,"Chicago, IL",chil,R07-GOF1,0.6317340318296828,1.0489071145859594,0.01122134049894708,-5.173949454998081e-4,42.27155569193004,-1.0000805399124542,1514.8217010935173,-0.02208216215497838
chil_R07-MMP1,"Chicago, IL",chil,R07-MMP1,0.768312254759301,1.6062760248514905,2.8202101414872763e-4,-0.07679057029067582,39.366638441998305,-1.1748959447941911,1923.0460233127312,0.19484473977572656
chil_R07-YHR1,"Chicago, IL",chil,R07-YHR1,0.585314493310977,0.8594712949931629,0,-0.07875693010794618,47.35202492211838,-0.6943423005579753,1568.4394968124225,0.0064098744057674
chil_R08-DAP1,"Chicago, IL",chil,R08-DAP1,0.8095114458064976,1.7744078669946617,5.637785876912183e-4,-0.07482604728341731,37.93896580955072,-1.260812047666232,1970.2837365551509,0.2199464552547627
chil_R08-PAP1,"Chicago, IL",chil,R08-PAP1,0.6095710151412964,0.958460949781425,0,-0.07875693010794618,46.701240135287485,-0.733505965548223,1443.694549540205,-0.05987852016161937
chil_R08-VLG1,"Chicago, IL",chil,R08-VLG1,0.6338839143963159,1.0576806780257229,0,-0.07875693010794618,43.79364178257167,-0.9084827168740768,1484.91544621929,-0.03797408937516106
chil_R08-WBK1,"Chicago, IL",chil,R08-WBK1,0.7728846559578663,1.624935765904458,0,-0.07875693010794618,37.7733604178758,-1.2707780367479968,1096.9501184386188,-0.24413553549986788
chil_R09-BLW1,"Chicago, IL",chil,R09-BLW1,0.6031887431767003,0.9324152164747448,2.819437596408909e-4,-0.076791108939047,47.46269612552033,-0.6876822033617761,1145.748137611679,-0.21820468683798253
chil_R09-CTG0,"Chicago, IL",chil,R09-CTG0,0.8426657741181459,1.9097090258856495,0.09142988020399608,0.558727631365795,22.0604929051531,-2.2163647986959547,172.68558790534018,-0.7352817760841203
chil_R09-LIM0,"Chicago, IL",chil,R09-LIM0,0.7282123657356298,1.4426303793929898,0.00338337852670382,-0.0551667036788713,42.00440081245768,-1.0161576892433652,1240.3333020597497,-0.16794294206788998
chil_R09-SMI1,"Chicago, IL",chil,R09-SMI1,0.8728628569678074,2.0329418136616857,0,-0.07875693010794618,30.962136196665725,-1.680671612890008,1132.6612692698795,-0.2251589363788445
chil_R10-FRM1,"Chicago, IL",chil,R10-FRM1,0.5629354903030107,0.7681437007997095,0.1542931219647976,0.9970345176625882,46.28670634920635,-0.758452249870999,825.0690369129233,-0.38861080926189406
chil_R10-FRM2,"Chicago, IL",chil,R10-FRM2,0.5690572548709133,0.7931263164241076,0.06440255152475301,0.3702826204738207,45.3689497716895,-0.813682046067519,0,-0.8270454157142745
chil_R10-WCP0,"Chicago, IL",chil,R10-WCP0,0.5079304814015416,0.5436710051317006,0.1000163044014592,0.618595508824832,56.28340897629854,-0.15685934140570065,30.110898744184844,-0.811044742497607
chil_R10-WDW0,"Chicago, IL",chil,R10-WDW0,0.7765755043079737,1.6399979337869235,0,-0.07875693010794618,39.81680796166605,-1.147805132879331,1555.5662560605806,-4.30855266889319e-4
chil_S02-BNS1,"Chicago, IL",chil,S02-BNS1,0.15232896284606612,-0.907521041701204,0.00197430066031722,-0.06499134069831868,64.59359400998336,0.3432403985575998,3850.282923662615,1.2189618913621378
chil_S02-BRI1,"Chicago, IL",chil,S02-BRI1,0.0201990403521405,-1.4467366599323723,0,-0.07875693010794618,83.41453488372093,1.4758683242498003,3490.900284962724,1.0279890409522467
chil_S02-COP1,"Chicago, IL",chil,S02-COP1,0.00457654942875996,-1.5104912655702338,0,-0.07875693010794618,88.21169590643275,1.7645573209804173,2227.018082387744,0.35637288364078135
chil_S02-MCP1,"Chicago, IL",chil,S02-MCP1,0.06396954192136778,-1.2681114278996792,0,-0.07875693010794618,78.60645347162202,1.186522147941274,4517.583884526544,1.5735598959804464
chil_S02-PIP1,"Chicago, IL",chil,S02-PIP1,0.02393028436406856,-1.4315096393704276,0,-0.07875693010794618,80.96248909566735,1.3283063318256725,4062.210478236153,1.331578375351793
chil_S02-PLP1,"Chicago, IL",chil,S02-PLP1,0.01103358150189662,-1.4841404399923643,0,-0.07875693010794618,86.35183066361556,1.6526322410297924,5732.816777533235,2.219324227637953
chil_S02-TNW1,"Chicago, IL",chil,S02-TNW1,0.107999864446716,-1.0884258795144155,0.00197374548334758,-0.06499521160732828,66.67363636363636,0.46841554639823313,2751.4720032570062,0.6350631969496666
chil_S03-JKP2,"Chicago, IL",chil,S03-JKP2,0.25812566373390844,-0.4757699863815545,0,-0.07875693010794618,55.26875919568416,-0.21792008666976503,1732.2214308688744,0.09344218878121129
chil_S03-LCP1,"Chicago, IL",chil,S03-LCP1,0.07444225837451979,-1.2253727948159756,0,-0.07875693010794618,75.8538283062645,1.0208715488472924,1379.7472515374488,-0.09385956560047563
chil_S03-PSP1,"Chicago, IL",chil,S03-PSP1,0.01987056031195881,-1.4480771705797717,0,-0.07875693010794618,73.97787234042553,0.9079781431173508,5498.821954184678,2.09498138637636
chil_S03-VIP1,"Chicago, IL",chil,S03-VIP1,0.02517148204093734,-1.4264443736074008,0,-0.07875693010794618,73.72121384004538,0.8925326567919311,3970.393601176547,1.2827876747457738
chil_S03-WAP1,"Chicago, IL",chil,S03-WAP1,0.01092363489676828,-1.4845891265997404,0,-0.07875693010794618,85.26685472496474,1.587339328466916,2942.477735774296,0.7365620042248749
chil_S04-HAP1,"Chicago, IL",chil,S04-HAP1,0.03228923720646494,-1.3973971700704844,0,-0.07875693010794618,72.72884234361732,0.8328125993805731,4534.910490394334,1.5827671056622246
chil_S04-OTW1,"Chicago, IL",chil,S04-OTW1,0.4465152797148571,0.2930386326817744,0.00422868101904785,-0.04927292707714886,54.61892393320965,-0.25702661010639005,2260.5265531706286,0.3741789974848833
chil_S04-SSP1,"Chicago, IL",chil,S04-SSP1,0.12039190402422568,-1.0378545845661489,2.971136071841974e-5,-0.07854977098539118,67.9885200124108,0.5475441058910316,1937.5409738564335,0.20254723211618927
chil_S05-LNC1,"Chicago, IL",chil,S05-LNC1,0.4801531631896278,0.43031315605607146,0,-0.07875693010794618,53.697860108591506,-0.3124554335698902,1616.785146018272,0.03210033754877888
chil_S05-RES1,"Chicago, IL",chil,S05-RES1,0.4135971294481443,0.15870130460298096,0,-0.07875693010794618,55.315685722331736,-0.21509608892739143,689.279400610628,-0.4607682568074525
chil_S05-SFP0,"Chicago, IL",chil,S05-SFP0,0.19673380761136863,-0.7263070867495356,0.00986352528970232,-0.00998460885080618,71.267750213858,0.7448853400965442,83.26381738039181,-0.7827997376295838
chil_S06-CBW0,"Chicago, IL",chil,S06-CBW0,0.8101821619472633,1.7771450260853077,0.00260348642885522,-0.06060441365819732,33.2665916760405,-1.541991477451277,433.4855024304281,-0.5966949393807949
chil_S07-ARG1,"Chicago, IL",chil,S07-ARG1,0.7870090989997068,1.682576912915099,0.05366267625273169,0.29540004748136545,44.15728476821192,-0.8865989968580938,39.47755622425034,-0.8060673810862369
chil_S07-ARG2,"Chicago, IL",chil,S07-ARG2,0.6679835167288154,1.1968394530110107,0.00906362916277179,-0.01556179467411832,49.06852343059239,-0.5910449065462063,0.6142202628873779,-0.8267190243370853
chil_S07-STJ1,"Chicago, IL",chil,S07-STJ1,0.6536237470683501,1.1382379498164492,0,-0.07875693010794618,53.5072217502124,-0.3239278849131483,4.288308023604117,-0.8247666456277006
chil_S08-WGL1,"Chicago, IL",chil,S08-WGL1,0.777901253328285,1.64540824936203,0.01777069059585535,0.04514721234863828,41.41858552631579,-1.051411545935914,130.95866938481467,-0.7574551025350413
chil_S08-WGL3,"Chicago, IL",chil,S08-WGL3,0.8849797644206482,2.0823903081428186,0.04918969561766358,0.26421269284123206,31.50379746835443,-1.6480749065565512,61.535919307615366,-0.7943457562224262
chil_S09-KTP1,"Chicago, IL",chil,S09-KTP1,0.5779729386369085,0.8295107768331847,0.01257148754742084,0.0088963535708604,52.84260051325919,-0.3639242154914829,25.99152247668035,-0.8132337436985614
chil_S09-SMC1,"Chicago, IL",chil,S09-SMC1,0.5964222808468728,0.9048016214650024,0.00761451440452229,-0.02566558442126307,46.38715953307393,-0.7524070642431181,831.3555482272861,-0.38527021109281984
chil_S09-VTW0,"Chicago, IL",chil,S09-VTW0,0.25504330959647414,-0.48834891975601735,0.02934952350050038,0.1258793231216846,72.37044877222692,0.8112447845689477,21.704906828425585,-0.8155116144713964
chil_S10-ILC1,"Chicago, IL",chil,S10-ILC1,0.3734041654692633,-0.00532417510175267,5.639513177745688e-4,-0.0748248429423289,59.7904,0.05418834187663601,70.35437039235173,-0.7896597069854773
chil_S10-LEW1,"Chicago, IL",chil,S10-LEW1,0.5432293523345205,0.687723935412224,0.08620990464940008,0.5223319386239833,41.98660986001217,-1.017228333357261,41.16262734450314,-0.8051719487522148
chil_S10-LPC1,"Chicago, IL",chil,S10-LPC1,0.6562195410678148,1.148831255555249,0,-0.07875693010794618,44.863453815261046,-0.8441023550423092,1417.615517828904,-0.07373669383370934
chil_S10-LPP0,"Chicago, IL",chil,S10-LPP0,0.4757575887284018,0.41237503609160936,0.05649541179757548,0.31515097762090744,46.39070351758794,-0.7521937903236198,105.84821223485083,-0.7707985839963941
deio_DEIO01,"Des Moines, IA",deio,DEIO01,0.5334066760609466,0.16261754018426575,0.24563264630188408,0.44669512511327064,44.547425474254744,0.3004257155997743,4.333146773353569,-0.8247428187008367
deio_DEIO02,"Des Moines, IA",deio,DEIO02,0.3036670403383797,-0.7749384453953243,0.4408975802377468,1.808157925934724,33.7442748091603,-0.34969853753042257,3.628367314138883,-0.8251173324578827
deio_DEIO03,"Des Moines, IA",deio,DEIO03,0.6419781019334009,0.6056921096614883,0.04488132618185635,-0.9530208866156512,36.67769058295964,-0.1731681161577459,502.9303289844089,-0.5597925544430824
deio_DEIO04,"Des Moines, IA",deio,DEIO04,0.5455399899465955,0.2121329884987363,0.1545077832542904,-0.1886627385264876,39.45454545454545,-0.00605939432220788,204.5250809625033,-0.718362542682281
deio_DEIO05,"Des Moines, IA",deio,DEIO05,0.7430113972508774,1.0180039446211269,0.01936950943103112,-1.130899160955635,39.6402157164869,0.00511408127905233,689.125183219632,-0.4608502066057171
deio_DEIO06,"Des Moines, IA",deio,DEIO06,0.7917708147254124,1.2169886934340368,8.566101526772237e-5,-1.2653536262072669,35.652429588362736,-0.23486743509157187,1870.416952903546,0.1668781033604988
deio_DEIO07,"Des Moines, IA",deio,DEIO07,0.6232708643512053,0.5293488068888352,0.04279419351361235,-0.9675731845163422,46.02308078273959,0.3892293743699942,1099.2469077181674,-0.2429150413850351
deio_DEIO08,"Des Moines, IA",deio,DEIO08,0.5168102162974987,0.09488821632722882,2.8189317187657853e-4,-1.2639854195550897,48.59942547079476,0.544271566972163,1276.8236718422845,-0.1485522726824918
deio_DEIO09,"Des Moines, IA",deio,DEIO09,0.35284935664352635,-0.5742278675643284,5.643079953268539e-4,-1.262016313946735,58.83674775928297,1.1603447583200253,1394.2592912630987,-0.08614799221536497
deio_DEIO10,"Des Moines, IA",deio,DEIO10,0.46911280144916495,-0.09976255277963383,8.456965886013162e-4,-1.2600543636129158,52.61738148984199,0.7860686812559727,2590.903401173368,0.5497384196115751
deio_DEIO11,"Des Moines, IA",deio,DEIO11,0.3990404765088935,-0.3857242130939416,0.02278552512734973,-1.107081375530385,57.08815088150882,1.0551157122361088,534.3506682728013,-0.5430960557572876
deio_DEIO12,"Des Moines, IA",deio,DEIO12,0.4259157200100926,-0.27604768588430473,0.01472871785564034,-1.1632565585124102,54.93400849395622,0.925481288514824,980.7820887973858,-0.30586622963507604
deio_DEIO13,"Des Moines, IA",deio,DEIO13,0.7850578549490831,1.1895934396744594,0.01894384951482081,-1.1338670268701134,32.89670394349618,-0.4007046183578611,1520.405796048726,-0.01911482201185527
deio_DEIO14,"Des Moines, IA",deio,DEIO14,0.6425041258520485,0.6078387870162034,0.0804753552858233,-0.704845520052782,36.77266387726639,-0.16745270553888003,468.0229446157557,-0.5783420389628459
deio_DEIO15,"Des Moines, IA",deio,DEIO15,0.3908466668953577,-0.4191627411202812,0.17603585715314357,-0.03856066338251422,46.91588156123822,0.442957352189547,112.61338769991156,-0.7672036278049665
deio_DEIO16,"Des Moines, IA",deio,DEIO16,0.49720823054365526,0.01489349092880024,0.28316788046634556,0.7084053257365029,32.0659195781147,-0.4507005021328612,747.7970333072142,-0.42967248892135207
deio_DEIO17,"Des Moines, IA",deio,DEIO17,0.6310827610912818,0.5612287675423508,0.12094639209644674,-0.42266576551253376,29.046620046620045,-0.6323993336812923,667.6574768410051,-0.4722579615649448
deio_DEIO18,"Des Moines, IA",deio,DEIO18,0.4332598477236312,-0.24607666727868624,0.30872465089675855,0.8865970345538665,28.85518590998043,-0.6439196742712442,352.7245761391682,-0.6396106026175613
deio_DEIO19,"Des Moines, IA",deio,DEIO19,0.2516119042739866,-0.9873728572626264,0.31494653036274883,0.929978389687108,44.13084112149533,0.27535602994978037,1.3895469303897714,-0.8263070223989077
deio_DEIO20,"Des Moines, IA",deio,DEIO20,0.17271108576059482,-1.3093631591611206,0.6042675938630813,2.9472369804138268,48.99652777777778,0.5681688399758394,2.261280284053814,-0.8258437907749516
deio_DEIO21,"Des Moines, IA",deio,DEIO21,0.14311766352781036,-1.4301324380923215,0.620786219314416,3.062411239403317,54.30172413793103,0.8874309634318878,1.5175534623107447,-0.826239000826245
deio_DEIO22,"Des Moines, IA",deio,DEIO22,0.5029610083213392,0.03837028988085411,0.14809206552151227,-0.2333956091842424,37.00873362445415,-0.153246232553831,20.45319589536908,-0.8161767629205252
deio_DEIO23,"Des Moines, IA",deio,DEIO23,0.6627458018892999,0.690444056530104,0.11894305901845488,-0.43663378019066806,11.876237623762377,-1.6656980809336166,33.45626939015752,-0.8092670412423372
deio_DEIO24,"Des Moines, IA",deio,DEIO24,0.5281626271831271,0.1412168384785799,0.3470391056170453,1.15374026290516,13.024539877300612,-1.5965942455718296,28.183973998538335,-0.8120686937728627
deio_DEIO25,"Des Moines, IA",deio,DEIO25,0.3513248404541797,-0.5804493420345019,0.4094150767352752,1.588649709423997,25.17391304347826,-0.8654554879516008,18.943279688409024,-0.8169791194365951
inin_M01-PRG1,"Indianapolis, IN",inin,M01-PRG1,0.19982758508025816,-1.3570594748581144,0,-0.7415665313243381,61.88459367945824,1.2525672216074428,1905.3049306435703,0.18541727536433356
inin_M01-SAP1,"Indianapolis, IN",inin,M01-SAP1,0.3590470921858441,-0.7072926140446804,0,-0.7415665313243381,54.48380737820332,0.8071943099599606,1885.6729919984696,0.17498503162632206
inin_M02-BCF1,"Indianapolis, IN",inin,M02-BCF1,0.11479176780025813,-1.7040864004853191,0,-0.7415665313243381,73.54545454545455,1.954307731980554,2321.875347647717,0.4067792204474726
inin_M02-OBP1,"Indianapolis, IN",inin,M02-OBP1,0.35952481997663194,-0.7053430307769862,2.818914538630039e-4,-0.7396010748515952,59.071347997743935,1.0832685323273117,1360.6919890898002,-0.10398536855551171
inin_M02-SBP2,"Indianapolis, IN",inin,M02-SBP2,0.4359881989382464,-0.39329979802078374,0,-0.7415665313243381,52.4920814479638,0.6873339680116797,1953.3447503261343,0.2109452233229371
inin_M03-FCP1,"Indianapolis, IN",inin,M03-FCP1,0.48557764987022495,-0.19092772410043235,5.637798980814907e-4,-0.7376356393632604,49.20329994107248,0.4894179445145261,1628.3248720708796,0.03823244895290285
inin_M03-GWP1,"Indianapolis, IN",inin,M03-GWP1,0.741450039891605,0.8532747273163381,2.8194211773651783e-4,-0.7396007216034326,36.13459367945824,-0.2970454827856068,1479.0801340060195,-0.04107492421356992
inin_M03-ISD1,"Indianapolis, IN",inin,M03-ISD1,0.5255399920269693,-0.02784340053999863,0,-0.7415665313243381,49.179154929577464,0.4879649186286856,1566.035816897162,0.00513257952432594
inin_M04-BAS1,"Indianapolis, IN",inin,M04-BAS1,0.6114680391301093,0.3228246704584282,2.81894898008813e-4,-0.7396010508376757,49.50795990566038,0.5077521173939569,1570.4013282031551,0.00745237477269435
inin_M04-FRP1,"Indianapolis, IN",inin,M04-FRP1,0.8146511239322507,1.1520046973424924,0.00112757590790156,-0.7337046350648966,29.81211498973306,-0.6775267760225956,872.2556527756412,-0.3635362464919742
inin_M04-MAP1,"Indianapolis, IN",inin,M04-MAP1,0.7925813744969794,1.0619391515423435,0.00241852130919558,-0.7247036633782412,26.135632183908047,-0.8987743279988692,716.7744950242613,-0.4461575995663123
inin_M05-ISB2,"Indianapolis, IN",inin,M05-ISB2,0.923423561526864,1.5958995856240394,0,-0.7415665313243381,21.02357494722027,-1.2064135062340462,540.8632922786061,-0.5396353032442119
inin_M05-SDC1,"Indianapolis, IN",inin,M05-SDC1,0.6649852983540874,0.5412259339558899,0,-0.7415665313243381,37.20814479638009,-0.23244010610221089,1133.413518980302,-0.22475919733764005
inin_M05-SGC1,"Indianapolis, IN",inin,M05-SGC1,0.6771343799302959,0.5908057294284661,0,-0.7415665313243381,34.44042365401589,-0.39899916802162105,1498.7518930904116,-0.03062152023581074
inin_M06-MCP1,"Indianapolis, IN",inin,M06-MCP1,0.7356218741273435,0.8294902737541675,0.00310275428128282,-0.7199329258995998,33.529411764705884,-0.4538230747217335,640.4612973178808,-0.48670977799820125
inin_M06-PGC1,"Indianapolis, IN",inin,M06-PGC1,0.6700972552190889,0.56208757475084,0.03502008058359324,-0.4973929562983558,38.44629349470499,-0.15792938948659954,670.4749479822327,-0.4707607815766895
inin_M07-CAC1,"Indianapolis, IN",inin,M07-CAC1,0.6097022291709809,0.31561848815832194,0.00993904350493489,-0.6722676678010002,43.55340699815838,0.14941227916305716,1012.9609240741528,-0.28876667268957135
inin_M07-CCT1,"Indianapolis, IN",inin,M07-CCT1,0.6571799308472638,0.509372618777363,0.1018114016682113,-0.03169797849810454,37.66131558339859,-0.20516868051682585,650.434607625949,-0.48141004647960495
inin_M07-WFD1,"Indianapolis, IN",inin,M07-WFD1,0.4893722251907347,-0.17544225162944463,0.1461076159416582,0.2771523958877188,53.40241718889884,0.742117184688029,462.6665248465628,-0.5811883944657583
inin_M08-FTP1,"Indianapolis, IN",inin,M08-FTP1,0.45583086125130173,-0.3123228835979486,0.30242802114196765,1.367078848117297,43.40097474523704,0.14023903816553648,614.7188089580127,-0.5003891154211555
inin_M08-MMT2,"Indianapolis, IN",inin,M08-MMT2,0.2882676206170982,-0.99614010445149,0.18586689627840813,0.554369508427223,57.541773075519885,0.9912200378885,445.4495927040166,-0.5903373244710317
inin_M08-WGP1,"Indianapolis, IN",inin,M08-WGP1,0.28213516841033504,-1.0211663357965886,0.4776183243697142,2.5885735430508525,48.67569193742479,0.4576669516837719,175.55896738611762,-0.7337548868839674
inin_R01-IUI1,"Indianapolis, IN",inin,R01-IUI1,0.26825568818968765,-1.077807801761633,0.00273099008109933,-0.7225250099928614,61.96632366697848,1.257485661490598,955.60120716179,-0.31924713406379424
inin_R02-PRU1,"Indianapolis, IN",inin,R02-PRU1,0.34485064051954234,-0.7652276246573272,0.0028208545287546,-0.7218984402338529,53.952813852813854,0.7752395793621363,140.76263803211907,-0.7522453577218856
inin_R03-4651,"Indianapolis, IN",inin,R03-4651,0.4732961256171789,-0.2410480115261044,0.2477514405152632,0.9858525362602796,32.94926913155632,-0.4887355560688636,146.78521177303253,-0.7490450137145436
inin_R04-SWW1,"Indianapolis, IN",inin,R04-SWW1,0.4202220159467275,-0.4576408038161093,0.2452081029448799,0.968119400964488,42.18909991742362,0.06730946032810649,352.44585095045056,-0.6397587147911572
inin_R05-WAV1,"Indianapolis, IN",inin,R05-WAV1,0.41704937164436134,-0.4705882068466878,0.2291890498288044,0.8564283539223022,24.191869918699187,-1.0157482581148871,98.18699954005514,-0.7748696866829746
inin_R06-MMP-1,"Indianapolis, IN",inin,R06-MMP-1,0.9892844243950863,1.864674479443866,0.00761125448098445,-0.6884979150880526,5.853503184713376,-2.119335289913073,2.9445296351291477,-0.8254807179326251
inin_W01-GFP3,"Indianapolis, IN",inin,W01-GFP3,0.3353325539332,-0.804070460906386,0.00507442965697423,-0.7061856409918997,55.21822813472969,0.8513911151903767,1419.447497111173,-0.0727631957629833
inin_W01-HCC1,"Indianapolis, IN",inin,W01-HCC1,0.37218040821450343,-0.6536962069012158,0.00128739328539664,-0.7325903263664598,55.6150493898896,0.8752714747386868,887.6586452044058,-0.3553512284855269
inin_W01-WRG1,"Indianapolis, IN",inin,W01-WRG1,0.3042967512368203,-0.930726022510899,0,-0.7415665313243381,61.63099041533546,1.2373055967546192,71.0970306634921,-0.7892650636900221
inin_W02-EMP1,"Indianapolis, IN",inin,W02-EMP1,0.2925723807497905,-0.9785725932286384,0.00114677884994946,-0.7335707447101997,61.51753360607832,1.230477864209968,931.69268462768,-0.3319519177838585
inin_W02-IZO3,"Indianapolis, IN",inin,W02-IZO3,0.16095316556077,-1.5157040404412228,8.454118027882591e-4,-0.7356719925678317,71.83682634730539,1.851483966429636,546.8849640973555,-0.5364354385105685
inin_W03-CHC1,"Indianapolis, IN",inin,W03-CHC1,0.7835977569322535,1.0252774566916654,0.00281769941206191,-0.7219204389303047,23.11139332365747,-1.0807704040751196,294.69112366298197,-0.6704490812892012
inin_W03-MEL1,"Indianapolis, IN",inin,W03-MEL1,0.7598403887825426,0.9283248231579496,5.635182077960013e-4,-0.7376374639693576,33.84872660325253,-0.4346069842163705,1005.169636235918,-0.292906896191225
inin_W03-RGC1,"Indianapolis, IN",inin,W03-RGC1,0.6984069138497222,0.6776178785026796,2.819409460239196e-4,-0.7396007297730669,30.24793893129771,-0.6512992685768777,862.7465048878497,-0.3685893260833265
inin_W04-BHC2,"Indianapolis, IN",inin,W04-BHC2,0.5904490777498964,0.23704733825928484,0,-0.7415665313243381,44.117750956726525,0.18337400995314113,806.1512546057107,-0.39866355644999374
inin_W04-JSP1,"Indianapolis, IN",inin,W04-JSP1,0.9137245556131492,1.5563184266308374,8.458575019542565e-4,-0.7356688849805008,24.104160246533127,-1.021026550242525,813.7910640611448,-0.3946038272611527
inin_W04-ROW1,"Indianapolis, IN",inin,W04-ROW1,0.6188952786490808,0.3531348641933659,5.636693159853538e-4,-0.7376364103844943,40.560092673037936,-0.030722785165034,1828.721072218236,0.1447212701488816
inin_W04-WPC1,"Indianapolis, IN",inin,W04-WPC1,0.8961368879277228,1.4845440327218615,0,-0.7415665313243381,21.482174167153712,-1.1788154022560422,484.39406286220185,-0.5696425672041892
inin_W05-CPE1,"Indianapolis, IN",inin,W05-CPE1,0.5834652924072711,0.20854685888232452,5.638545329926896e-4,-0.7376351189797322,44.017236342389715,0.1773251274928115,1522.6741273952537,-0.01790945019843763
inin_W05-EES,"Indianapolis, IN",inin,W05-EES,0.7542284609542007,0.9054228258184206,0.00112912470689898,-0.7336938362379979,34.475111568829384,-0.3969116793426347,1383.5948280578343,-0.09181499645287756
inin_W06-CNP1,"Indianapolis, IN",inin,W06-CNP1,0.6734221266834864,0.5756562092310177,0.13579487370900692,0.2052479599953693,34.8625,-0.3735989789746008,572.2835862544666,-0.5229388286371077
inin_W06-LRF1,"Indianapolis, IN",inin,W06-LRF1,0.6510257981133833,0.4842579102833156,0.23004442419494045,0.8623923555317922,33.676377454084864,-0.44497880678497426,538.278203676762,-0.5410089971450699
inin_W06-UHS1,"Indianapolis, IN",inin,W06-UHS1,0.5088843048347417,-0.09581442857745824,0.29580528001670486,1.3209025301283368,35.607834308869876,-0.3287454056136385,391.3385653668853,-0.6190914600813745
inin_W07-INA1,"Indianapolis, IN",inin,W07-INA1,0.6359037833494061,0.4225457228699483,0.17144890603369994,0.4538416922693849,33.86516314779271,-0.4336178471975053,487.9582916960971,-0.5677485665858385
inin_W07-UES2,"Indianapolis, IN",inin,W07-UES2,0.4799254087150327,-0.2139942381145366,0.36680374500994034,1.8159313458780408,33.86514657980456,-0.4336188442446866,484.6697320337384,-0.5694960789719004
inin_W07-WAF1,"Indianapolis, IN",inin,W07-WAF1,0.24496448046955008,-1.1728580578513683,0.7374749412861418,4.400394592268181,15.945409429280398,-1.512013110180079,89.64778687045438,-0.7794073510222131
inin_W08-NST3,"Indianapolis, IN",inin,W08-NST3,0.1769605032353118,-1.4503788944220846,0.7630185245138036,4.578494354796824,36.03577235772358,-0.3029924643632745,26.76330567592943,-0.8128236247290078
inin_W08-ROS1,"Indianapolis, IN",inin,W08-ROS1,0.3758156741859061,-0.6388608679317651,0.6002090640000116,3.443323693872401,16.45298013245033,-1.4814679447428032,47.802660553408295,-0.8016434920818861
ioio_A01-RES1,"Iowa City, IA",ioio,A01-RES1,0.3634680629086473,-0.4740371141918181,0.11965817155462638,-0.8105053547361404,46.93168880455408,0.5504259314560644,45.138988840341725,-0.8030589443737407
ioio_A01-WMA1,"Iowa City, IA",ioio,A01-WMA1,0.2320787950474107,-1.0102301578378878,0.242617731764635,0.04681635611583863,40.860036832412526,0.1850391729052426,19.684164290112843,-0.816585419716642
ioio_A01-WMA2,"Iowa City, IA",ioio,A01-WMA2,0.5580866499172036,0.32019162470659096,0.08322074002176427,-1.0645612499219337,33.17365269461078,-0.27752076926107977,13.503812604586257,-0.8198696055698885
ioio_A01-WMA3,"Iowa City, IA",ioio,A01-WMA3,0.5152383522015869,0.14532986056727124,0.08872656193319668,-1.0261725255909944,33.30835734870317,-0.2694143598116648,38.186430779615584,-0.8067534740686096
ioio_A02-FUH1,"Iowa City, IA",ioio,A02-FUH1,0.09139925091657417,-1.5843363552018896,0.8310377714312378,4.14950893443151,46,0.49435770589964617,22.50972965073065,-0.8150839385296578
ioio_A02-GLP1,"Iowa City, IA",ioio,A02-GLP1,0.20805940131174175,-1.1082521047084917,0.5294555936369825,2.046761102644852,50.85113065326633,0.7862945482674932,492.67575184779946,-0.5652417487408674
ioio_A02-MET1,"Iowa City, IA",ioio,A02-MET1,0.5052240491250322,0.10446198959105853,0.3303250845832705,0.6583460138695278,38.54768392370572,0.04588377700728965,552.8069183670873,-0.5332885628268155
ioio_A02-RES2,"Iowa City, IA",ioio,A02-RES2,0.4199068309992924,-0.243713318841058,0.28936967923242585,0.3727890541337172,32.122605363984675,-0.3407718875700745,50.2070708257169,-0.8003658090949762
ioio_A02-WMA4,"Iowa City, IA",ioio,A02-WMA4,0.24429104375612956,-0.9603925804506206,0.6561913652439112,2.9304120229525,31.53723404255319,-0.37599902685075703,2.877049255756533,-0.8255165764271872
ioio_A03-CNA1,"Iowa City, IA",ioio,A03-CNA1,0.40795085937997966,-0.2925050422189204,0.3137458445287516,0.5427491263734321,41.71368597816961,0.2364110393658037,1123.811911303338,-0.2298614092675784
ioio_A03-JOY1,"Iowa City, IA",ioio,A03-JOY1,0.5366318830361013,0.232635792012214,0.08297771413336134,-1.0662557206086465,41.6276765739853,0.2312350678931325,1574.689423596407,0.00973103186932373
ioio_A03-YSC1,"Iowa City, IA",ioio,A03-YSC1,0.46069825349907106,-0.07724555978551072,0.26990558933139774,0.23707787538823685,44.26338561384532,0.3898497557863636,624.2089477778101,-0.4953461370854221
ioio_A04-AUB1,"Iowa City, IA",ioio,A04-AUB1,0.7421874265810614,1.0714977046008256,0.14508261908975098,-0.6332362524308673,29.937012987012988,-0.472298944423664,478.6436353067472,-0.5726982950638141
ioio_A04-DOV1,"Iowa City, IA",ioio,A04-DOV1,0.7554340510505706,1.125556517835435,0.0811009571809339,-1.0793411974805576,29.217571059431524,-0.515594336697577,452.2562288485977,-0.5867203364302734
ioio_A04-PEN1,"Iowa City, IA",ioio,A04-PEN1,0.42434265417530975,-0.22561094588060832,0.07451865225861265,-1.1252355785902135,54.49835119538335,1.005781122550516,937.0652358198812,-0.32909699018118005
ioio_A04-WAT1,"Iowa City, IA",ioio,A04-WAT1,0.5771861607395105,0.3981357749912212,0.07719523022999474,-1.106573439576909,45.310267857142854,0.45285022274626074,339.5008083787452,-0.6466375993347713
ioio_A05-BEN1,"Iowa City, IA",ioio,A05-BEN1,0.3960987939072021,-0.34087272979940647,0.01774456599571438,-1.5210865127008568,56.56851311953353,1.1303616746986276,1950.178288193675,0.20926259251656776
ioio_A05-CRE1,"Iowa City, IA",ioio,A05-CRE1,0.6837384747861819,0.8329704498944693,0,-1.6448085043198006,44.686440677966104,0.4153088432434269,1481.9246550810683,-0.03956337012259253
ioio_A05-SAN1,"Iowa City, IA",ioio,A05-SAN1,0.45962848213401875,-0.08161124332702045,0.00656543968039927,-1.59903171421351,50.78540100250627,0.7823389947966928,2354.76444025662,0.42425620204468906
ioio_A05-SHI1,"Iowa City, IA",ioio,A05-SHI1,0.8110427200829909,1.35249272036524,0.00696469133587288,-1.5962479769282878,31.486787204450625,-0.37903487388843454,739.5966524648402,-0.43403010093505473
ioio_A06-SHP1,"Iowa City, IA",ioio,A06-SHP1,0.33787917190079875,-0.5784641010863375,0.2472132121285371,0.07885782634424768,50.54612546125461,0.7679395999006116,988.3139700560793,-0.30186385256387127
ioio_A06-SYC1,"Iowa City, IA",ioio,A06-SYC1,0.3267577655172655,-0.6238500053955801,0.34802717426961594,0.781771844196445,45.233052944087085,0.4482034961350054,1180.5059497007082,-0.1997346837441596
ioio_A06-SYC2,"Iowa City, IA",ioio,A06-SYC2,0.16409972734723668,-1.2876493398434847,0.5339218733405234,2.077901735793209,33.74772036474164,-0.2429738739284158,164.89705831584064,-0.7394205338760642
ioio_A06-TTB1,"Iowa City, IA",ioio,A06-TTB1,0.3817567777623396,-0.399401781782987,0.26856965688001544,0.22776323655213815,38.0431654676259,0.01552229315711261,34.36970292998495,-0.8087816504972754
ioio_A07-CCG2,"Iowa City, IA",ioio,A07-CCG2,0.4264928230222662,-0.21683621414513543,0.01663738754304333,-1.528806189996719,58.95522910108429,1.2739921759331516,1492.796891918631,-0.03378595675974329
ioio_A07-UIO1,"Iowa City, IA",ioio,A07-UIO1,0.5455216120284654,0.26891433228567474,0.13577991309787998,-0.6980983241793528,50.76507177033493,0.781115599206663,987.1816151939432,-0.3024655762210849
ioio_A08-PET1,"Iowa City, IA",ioio,A08-PET1,0.7082056071171292,0.9328195956228496,0.28391268039108025,0.3347407431704282,18.2,-1.1786222235033357,40.124147616198016,-0.8057237879688357
ioio_A08-RES3,"Iowa City, IA",ioio,A08-RES3,0.7707936364457579,1.1882382191360703,0.00480730919455145,-1.611290081382795,26.517241379310345,-0.6780978387700197,98.20701781891908,-0.7748590491413595
ioio_A08-RES4,"Iowa City, IA",ioio,A08-RES4,0.6370352227593264,0.6423768096369066,0.0878826650218381,-1.0320565019373067,38.89,0.06648406208471097,54.59275663594292,-0.7980352932881721
ioio_A08-TCP1,"Iowa City, IA",ioio,A08-TCP1,0.7749088828016479,1.205032334095661,0.21193541347162495,-0.16711265897612643,17.18867924528302,-1.2394826308713278,39.035795396054766,-0.8063021289996729
ioio_A09-HRP1,"Iowa City, IA",ioio,A09-HRP1,0.5282899502891489,0.19859278087219348,0.2180251057383976,-0.12465296422937672,38.21363092865683,0.02578075700463715,828.8912142721712,-0.386579737010579
ioio_A09-KEN1,"Iowa City, IA",ioio,A09-KEN1,0.2376512533432323,-0.987489233690392,0.6751507853034748,3.0626044479617054,34.29279700654818,-0.21017163357846191,346.8772250463224,-0.642717834813273
ioio_A09-TOK1,"Iowa City, IA",ioio,A09-TOK1,0.23010130439724777,-1.0183001984717417,0.7309556043126412,3.4516972751075627,29.798090040927693,-0.48065920703280895,213.62638542942955,-0.7135261875851484
ioio_A09-WCP1,"Iowa City, IA",ioio,A09-WCP1,0.4729957379589382,-0.02706013955248004,0.10036323926253558,-0.9450371010694516,46.667929292929294,0.5345531124223453,1416.24613643405,-0.07446437135652911
ioio_A10-ACT1,"Iowa City, IA",ioio,A10-ACT1,0.5285893819810253,0.19981474666015164,0.234024692843951,-0.01309764175725065,51.51409395973155,0.8261911060245775,121.0388015524088,-0.7627264351806505
ioio_A10-GIL1,"Iowa City, IA",ioio,A10-GIL1,0.3100246148940246,-0.6921371578282994,0.6681245666507534,3.013614928270166,27.69182389937107,-0.6074124797236468,61.81320480784845,-0.7941984090869373
ioio_A10-HHP1,"Iowa City, IA",ioio,A10-HHP1,0.8373740000012226,1.4599493593455586,0.04616996182709499,-1.3228936357567485,32.31274900398407,-0.3293292079505562,340.61104039248477,-0.6460476315693634
ioio_A10-HPR1,"Iowa City, IA",ioio,A10-HPR1,0.3537278318098658,-0.5137865111074591,0.5758639077593041,2.370337855791585,39.14697406340058,0.08194853871946976,200.1848306091546,-0.7206689144771736
ioio_A11-MNR1,"Iowa City, IA",ioio,A11-MNR1,0.453734084547356,-0.10566598565034838,0.0230272405109004,-1.4842536585047439,12.737864077669904,-1.5073288339252524,32.5299167987493,-0.8097592970605532
ioio_A11-MNR2,"Iowa City, IA",ioio,A11-MNR2,0.6074560176727274,0.5216655501696177,0.00738791051036353,-1.5932971288110698,15.50996015936255,-1.3405064919450926,51.87233661290304,-0.7994809011449999
ioio_A11-MNR3,"Iowa City, IA",ioio,A11-MNR3,0.63860222275706,0.6487716584084632,0.00784667207165518,-1.5900984653974406,19.794776119402982,-1.0826499774726748,50.136372236482515,-0.8004033777186441
jams_ALP,"Jackson, MS",jams,ALP,0.7456975356117497,0.4395164335858921,0,-0.5069009135575219,32.039013195639704,-0.41784205598309326,959.0883409896924,-0.31739410107009036
jams_BAP,"Jackson, MS",jams,BAP,0.42478295570160945,-0.8701199480868295,0.00423276661647467,-0.4773884241579556,55.79958183990442,1.012048391968586,490.8797397331318,-0.5661961341673577
jams_BGP,"Jackson, MS",jams,BGP,0.7453735065594701,0.4381940871979434,0.07919234260762663,0.04525879272955525,36.13577274915744,-0.171302613226795,461.4829857557619,-0.5818173169828824
jams_BOP,"Jackson, MS",jams,BOP,0.6163804765966864,-0.08822002919640831,0.05455317940129287,-0.12653500287232408,41.31547619047619,0.1404074550316879,251.0866314724979,-0.6936201342772295
jams_BRP,"Jackson, MS",jams,BRP,0.6693224453333245,0.12783350253872086,0.10609942582750492,0.23286540567371047,35.14170584284755,-0.23112469893687268,613.5970499729632,-0.5009852085202067
jams_CHS,"Jackson, MS",jams,CHS,0.5589570676653656,-0.3225620946681172,0,-0.5069009135575219,44.62136752136752,0.33935313292264163,1327.5650581989062,-0.1215887353749324
jams_CLN,"Jackson, MS",jams,CLN,0.7763529796922909,0.5646197706653486,2.8196208219819847e-4,-0.5049349646366517,32.35874439461883,-0.39860090926740865,869.0008589513368,-0.3652658160014323
jams_CON,"Jackson, MS",jams,CON,0.6008467739479936,-0.1516122943172714,0.0449917665265177,-0.19320087927887575,44.72292647591453,0.3454648628725799,231.0648998898465,-0.704259510637515
jams_CRN,"Jackson, MS",jams,CRN,0.6444341529930318,0.02626562383504586,0.07204783246370096,-0.00455550108646233,39.984652665589664,0.06031964759598689,654.2883458144605,-0.4793622030744368
jams_FOP,"Jackson, MS",jams,FOP,0.6470076510810486,0.03676794107216182,0,-0.5069009135575219,40.39206167904055,0.08483716927085037,1053.170918074551,-0.2673994269122003
jams_FRP,"Jackson, MS",jams,FRP,0.5466981206497232,-0.3725902455149218,6.980226243212272e-4,-0.5020340292788666,44.87991839113961,0.35491250039956196,1642.7807195870407,0.04591416228006609
jams_GAS,"Jackson, MS",jams,GAS,0.38280031899289046,-1.0414489928677886,0,-0.5069009135575219,59.29690604598353,1.2225143345364125,678.8901663732456,-0.4662890067331209
jams_GRC,"Jackson, MS",jams,GRC,0.2634681631694982,-1.5284375641365464,0,-0.5069009135575219,63.31329381879763,1.4642170731197768,1189.8372002003075,-0.1947761372983885
jams_GRN,"Jackson, MS",jams,GRN,0.6222961465879139,-0.06407847525189624,0.3397655433109068,1.862076141844703,19.96273291925466,-1.144582146782995,91.44266914445517,-0.7784535659833584
jams_LAC1,"Jackson, MS",jams,LAC1,0.8372240341876359,0.8130315055893553,0.09233318618816036,0.13688184734409514,23.23258706467662,-0.947805155510834,286.8171431777751,-0.6746332469538857
jams_LAC2,"Jackson, MS",jams,LAC2,0.8484545975754857,0.8588628741844753,0.05381884851874557,-0.13165504239980483,25.85857500895095,-0.789775474732951,684.457063245371,-0.4633308055037747
jams_LAP,"Jackson, MS",jams,LAP,0.7544561681509132,0.4752599757777209,0.00623116355786213,-0.46345482613739114,33.66436285097192,-0.3200299210322713,722.3876734661376,-0.443174804707934
jams_LEN,"Jackson, MS",jams,LEN,0.7252487822215327,0.3560660917311206,0.04429535184302623,-0.198056552370855,33.72888573456352,-0.31614698976479105,214.5674656633999,-0.7130261056240501
jams_LGN,"Jackson, MS",jams,LGN,0.7773989416639684,0.5688882892609779,0.08483540966779156,0.08460444343138047,30.29514043691485,-0.522786808672996,556.7236955809755,-0.5312072210244883
jams_LIP,"Jackson, MS",jams,LIP,0.5215962705840305,-0.4750296426358947,0.06944372876100421,-0.02271232140867931,48.93823173193379,0.5991382833627642,191.32719978220368,-0.7253757834929413
jams_MAN,"Jackson, MS",jams,MAN,0.7020852797042516,0.26153699419964255,0.0201329447528195,-0.36652621954840464,34.9229160442187,-0.2442912795794691,853.6202794585708,-0.37343892396601114
jams_MAP,"Jackson, MS",jams,MAP,0.6415202105688577,0.01437397025587045,0.01861971712827017,-0.3770770290484659,40.06913429183236,0.06540367871495666,1194.547284526643,-0.19227323890372688
jams_MAS,"Jackson, MS",jams,MAS,0.5286985302988793,-0.44604567525971944,0.33210878728837473,1.8086902712251116,36.963235294117645,-0.1215066337285527,215.45879097671224,-0.7125524630008517
jams_MIP,"Jackson, MS",jams,MIP,0.3232350541129272,-1.284531865551902,0,-0.5069009135575219,61.68274111675127,1.366091823322749,755.6967557885013,-0.42547464418083775
jams_MOC,"Jackson, MS",jams,MOC,0.6509683962372872,0.05293154434813791,0.04144623265580232,-0.21792171561509688,39.455062571103525,0.02844937425476608,379.8319226993837,-0.6252059912585355
jams_MON,"Jackson, MS",jams,MON,0.4354004088169597,-0.826790651909446,0.45826748431979736,2.6883176039278833,34.56943056943057,-0.2655637293872398,31.75698947221903,-0.8101700240095265
jams_NAC,"Jackson, MS",jams,NAC,0.6289569829673388,-0.03689593447326683,0.16843638895062177,0.6675028733317734,35.3682510383018,-0.21749140522832464,379.3888188595373,-0.6254414528368387
jams_NON,"Jackson, MS",jams,NON,0.499864100527542,-0.5637175438420203,0.00281812603181267,-0.4872518466052356,51.85198135198135,0.7744852126305748,1118.9525893371683,-0.23244361126346777
jams_NTE,"Jackson, MS",jams,NTE,0.6858073120312294,0.19510742066561448,0.00388605696049567,-0.4798058182583017,39.55752497582984,0.03461547305424429,746.319074916011,-0.4304578633283528
jams_NTW,"Jackson, MS",jams,NTW,0.8162095355889568,0.7272723857788846,0.12542758099391446,0.367628794763402,28.787928221859705,-0.6134895347571061,164.28928730756067,-0.7397434981746948
jams_OLC,"Jackson, MS",jams,OLC,0.6939347605187062,0.22827513224902404,0.0193300486681678,-0.3721243222396821,42.4983164983165,0.2115897605966404,302.80431620506613,-0.666137800390126
jams_OLS,"Jackson, MS",jams,OLS,0.5509510806285732,-0.3552341281342169,0.05924704477279598,-0.09380755423853857,44.34714003944773,0.3228503605002483,225.00378714845297,-0.7074803339390162
jams_PAG,"Jackson, MS",jams,PAG,0.6680219171559668,0.12252611196477096,0.14329413682934075,0.4922013468260376,39.95274212368728,0.05839929881400627,720.6466085025023,-0.44409999168985687
jams_PAN,"Jackson, MS",jams,PAN,0.5874135205891076,-0.2064327307335619,0.1303534394618242,0.40197378918197624,46.532758620689656,0.45437899430413176,77.64667701337001,-0.7857846378209878
jams_PAP,"Jackson, MS",jams,PAP,0.5336650994709147,-0.42577735438251574,5.638200474870631e-4,-0.5029697416592273,48.23037249283668,0.5565399272529825,1126.3255018268544,-0.22852570883203216
jams_PEG1,"Jackson, MS",jams,PEG1,0.7927220434498429,0.6314211027731426,0.02102219608562855,-0.36032601459712504,30.60800260247235,-0.5039590344410803,598.8781785703972,-0.5088066904836467
jams_PEG2,"Jackson, MS",jams,PEG2,0.8803556384928766,0.98904942977925,0.03657312755841806,-0.25189889308804386,23.171650485436892,-0.951472266087616,424.3571680773578,-0.601545657927486
jams_SHP,"Jackson, MS",jams,SHP,0.17621715175541092,-1.8845045864501688,0.00353809962724706,-0.4822319116481502,72.15713875323183,1.9964320038413828,376.11528918099174,-0.6271809784184716
jams_SOP,"Jackson, MS",jams,SOP,0.74488970711035285,0.436219725795683,0.1108714482376762,0.2661377954734507,30.420800696257615,-0.5152246830685346,532.3386963786335,-0.5441652003574937
jams_TON,"Jackson, MS",jams,TON,0.7801871429131932,0.580266799381748,0.05712548649355843,-0.10859988084186736,31.944102564102565,-0.4235536956107406,453.73684908981295,-0.5859335475390172
jams_TOP,"Jackson, MS",jams,TOP,0.803795183910944,0.6766100362622065,0.01013693074339972,-0.4362223035098253,27.651074151074152,-0.6819044283932323,772.2807242777282,-0.4166620656295956
jams_TWR,"Jackson, MS",jams,TWR,0.5847274511964514,-0.21739444584574236,0.3547110674376765,1.9662821286915784,24.29127725856698,-0.8840940963081606,155.520282517238,-0.7444032720750816
jams_VAP,"Jackson, MS",jams,VAP,0.7931041308564551,0.6329803824070518,0.02842768842895983,-0.30869205173451864,33.15702108568865,-0.350561309185753,418.2373944788383,-0.6047976531051062
jams_WEP,"Jackson, MS",jams,WEP,0.8374493490148861,0.8139510041524302,0.01706463572287367,-0.38791965933041855,32.18003273322422,-0.4093556223128562,512.0416624112279,-0.5549508700427194
jams_WOP,"Jackson, MS",jams,WOP,0.6609328708390588,0.09359606780602518,0.05533078324198846,-0.121113247508759,38.15172642762284,-0.04998426636784797,527.0134214059799,-0.5469950057827729
lrar_LRAR-ALS1,"Little Rock, AK",lrar,LRAR-ALS1,0.7605407302420392,1.2666230665268357,0.0121322124448584,-0.8042783285633357,39.92518318549942,-0.09557974253931248,1192.7584404327654,-0.19322381530547664
lrar_LRAR-BUR1,"Little Rock, AK",lrar,LRAR-BUR1,0.5539588945024507,0.4235729067208853,0.18879836868207017,0.4275065855681396,25.246558197747184,-0.978926684832211,1.165853183101521,-0.8264258913367425
lrar_LRAR-BUR2,"Little Rock, AK",lrar,LRAR-BUR2,0.6686616203148361,0.8916690051997818,0.00325218293037778,-0.8661933360891263,23.57364756293519,-1.0796009983475083,25.613546814808014,-0.8134345967219418
lrar_LRAR-BUR3,"Little Rock, AK",lrar,LRAR-BUR3,0.8206931216349024,1.5121019732027785,0.01610457190535812,-0.7765814987846825,37.5926800472255,-0.23594776180556207,90.64100527344704,-0.7788795632854842
lrar_LRAR-COM1,"Little Rock, AK",lrar,LRAR-COM1,0.3628856109840296,-0.3561876256035114,0.02874145124862975,-0.6884722781604384,54.42505133470226,0.7770097679860799,583.1889740269827,-0.5171437991518862
lrar_LRAR-CON1,"Little Rock, AK",lrar,LRAR-CON1,0.45427646676567457,0.01677389492746997,0.18187592681127576,0.37924063782233947,55.072463768115945,0.815970487667628,219.2795596924129,-0.7105221392906304
lrar_LRAR-COO1,"Little Rock, AK",lrar,LRAR-COO1,0.3259744003320114,-0.5068204337950387,0.0335790045320563,-0.6547429817136927,55.16581632653061,0.8215883638038206,15.878677450396022,-0.8186076227690965
lrar_LRAR-CPL1,"Little Rock, AK",lrar,LRAR-CPL1,0.1460527022060759,-1.2410719027810897,0.03581529818189432,-0.6391506756370279,71.1018590240124,1.7806056151346117,348.26587787900286,-0.641979916613757
lrar_LRAR-DDT1,"Little Rock, AK",lrar,LRAR-DDT1,0.3715338991220745,-0.32089439340463877,0.4006716675756352,1.9047693439990088,24.994708994708994,-0.9940827518077155,5.638465615863507,-0.8240491834686239
lrar_LRAR-DDT2,"Little Rock, AK",lrar,LRAR-DDT2,0.3317462925193884,-0.48326562989115224,0.444895492537521,2.213114992047742,30.18834080717489,-0.6815344862334612,12.790389753969732,-0.8202487123509581
lrar_LRAR-EAS1,"Little Rock, AK",lrar,LRAR-EAS1,0.32702261787287434,-0.502542710334154,0.07049384384130308,-0.3973584144756808,54.1871921182266,0.7626956062886949,89.40112863206268,-0.7795384230935662
lrar_LRAR-EMR1,"Little Rock, AK",lrar,LRAR-EMR1,0.5272004896551804,0.31437319222575216,0.02273237385537167,-0.730369894764069,41.255191508998614,-0.01554099321726004,570.2018109957799,-0.5240450661462496
lrar_LRAR-KNO1,"Little Rock, AK",lrar,LRAR-KNO1,0.44457551460712186,-0.02281520659376542,0.00705432189452608,-0.8396833495856509,54.37563254184508,0.7740357878211379,759.0323764347788,-0.42370212399174295
lrar_LRAR-MAU2,"Little Rock, AK",lrar,LRAR-MAU2,0.3353175402959972,-0.46869154597908974,0.27900300303372444,1.0564482580745658,31.942592592592593,-0.575965132703851,20.85054795964369,-0.8159656134431734
lrar_LRAR-MUR1,"Little Rock, AK",lrar,LRAR-MUR1,0.6043994418887211,0.6294182627874242,0.02992288910236091,-0.6802348355386842,34.09346567411084,-0.4465274529889888,283.40310655076104,-0.6764474367222709
lrar_LRAR-MUR2,"Little Rock, AK",lrar,LRAR-MUR2,0.6190831342176557,0.6893416782229154,0.08550579004426682,-0.2926893071694955,26.876297577854672,-0.8808503800452512,218.8418366599431,-0.7107547415540654
lrar_LRAR-OTT1,"Little Rock, AK",lrar,LRAR-OTT1,0.571683769036097,0.4959072349285578,0.20174905298228107,0.517803775977714,53.90271816881259,0.7455762103243916,20.09425847668488,-0.8163674991848392
lrar_LRAR-PIN1,"Little Rock, AK",lrar,LRAR-PIN1,0.7406027251826621,1.1852570631154402,0.152013548776234,0.17102856400405125,12.64423076923077,-1.7373238377700762,14.292378514902254,-0.8194505684116832
lrar_LRAR-PIN2,"Little Rock, AK",lrar,LRAR-PIN2,0.5005839068415482,0.205752246370633,0.1032455247884248,-0.16900100090891526,15.333333333333334,-1.5754959738186485,14.77856159923284,-0.819192214892516
lrar_LRAR-REB1,"Little Rock, AK",lrar,LRAR-REB1,0.7310905598648232,1.1464383912675749,0.01778035540107535,-0.7648972867469034,16.81716637272193,-1.4862001862833198,187.343607944804,-0.7274926300128787
lrar_LRAR-RIC1,"Little Rock, AK",lrar,LRAR-RIC1,0.3410464516786918,-0.44531214459365975,0.30143967655010034,1.212885441909914,51.36330608537693,0.592756589890173,202.5560818777821,-0.7194088519002888
lrar_LRAR-RIV1,"Little Rock, AK",lrar,LRAR-RIV1,0.06031913125020257,-1.590946326330095,0.00162702940977915,-0.8775245363170474,81.39101899827288,2.3997983535286505,761.99456258593,-0.4221280436889867
lrar_LRAR-ROS1,"Little Rock, AK",lrar,LRAR-ROS1,0.5295618155194602,0.3240096452086973,0.2808784127645154,1.069524341595067,35.714285714285715,-0.3489879063563736,652.4087816308121,-0.4803609873534387
lrar_LRAR-SHE1,"Little Rock, AK",lrar,LRAR-SHE1,0.22096696225525309,-0.935350546979911,0.06379121597474247,-0.4440917337877335,67.91978267817194,1.5891110158389616,342.8956890859188,-0.6448335888578158
lrar_LRAR-TMP1,"Little Rock, AK",lrar,LRAR-TMP1,0.14124970970272693,-1.2606726754385629,5.643687417832554e-4,-0.884933818363806,74.97664915353181,2.013787130146653,1000.088253930168,-0.295607099146109
lrar_LRAR-TRP1,"Little Rock, AK",lrar,LRAR-TRP1,0.35635431014018687,-0.3828415383273937,0.49933513033044946,2.5926892466325966,30.21106557377049,-0.6801669294559501,81.52498127780595,-0.7837237402138705
lrar_LRAR-TRP2,"Little Rock, AK",lrar,LRAR-TRP2,0.350245998762834,-0.4077692521526947,0.11063497238380332,-0.1174789082477112,34.8294930875576,-0.40223396053622534,118.87980598257056,-0.7638737069005253
lrar_LRAR-TRP3,"Little Rock, AK",lrar,LRAR-TRP3,0.41967838747994457,-0.12441913962171426,0.01323076358179943,-0.7966188042565464,47.060483870967744,0.33381647462053793,39.404765499914966,-0.8061060614525452
lrar_LRAR-WIL1,"Little Rock, AK",lrar,LRAR-WIL1,0.43751287436527714,-0.05163748887827751,0.11017153138396044,-0.1207101985205915,21.70945945945946,-1.1917862243096202,8.494929290342021,-0.8225312831827867
naca_NCAP-DC-ARB1,Washington DC,naca,NCAP-DC-ARB1,0.7077079715794335,0.23602158564673095,0.02225664499892744,0.11350311314635762,24.553324408746096,-0.9429104537759012,719.7619679093912,-0.4445700821101006
naca_NCAP-DC-BEH1,Washington DC,naca,NCAP-DC-BEH1,0.50326424899786,-0.5983030410885387,0.02197476888430613,0.11153776362475304,54.5187891440501,0.8603852684326034,2438.9739193683886,0.469004396658887
naca_NCAP-DC-BHP1,Washington DC,naca,NCAP-DC-BHP1,0.5800083129347468,-0.28511434695906857,0.00535158673484926,-0.00436550518847106,45.10429271103428,0.2938290246242786,3213.5447833020635,0.8806047073054757
naca_NCAP-DC-CHA1,Washington DC,naca,NCAP-DC-CHA1,0.4194308574274691,-0.9404229274157412,0.00140963078431924,-0.03185034991172381,54.65037831021438,0.8683041905160461,4962.052624184923,1.8097467703317536
naca_NCAP-DC-CON1,Washington DC,naca,NCAP-DC-CON1,0.2691801918133787,-1.5535883937957804,0.00986040241965847,0.02707170530752272,56.40836989537631,0.9740986019561628,3612.089989450137,1.092388210010662
naca_NCAP-DC-FBP1,Washington DC,naca,NCAP-DC-FBP1,0.435619426676633,-0.8743581843870207,0,-0.04167884208929933,49.206205813040064,0.5406786034663936,3687.304955862135,1.1323567977564335
naca_NCAP-DC-FDU1,Washington DC,naca,NCAP-DC-FDU1,0.7192452672594819,0.2831047134153033,0,-0.04167884208929933,43.04287415641127,0.16977464088387573,2568.9959212492563,0.5380969727638915
naca_NCAP-DC-FSP1,Washington DC,naca,NCAP-DC-FSP1,0.2778618473172098,-1.5181589910427171,0,-0.04167884208929933,58.43218390804598,1.0958899769216617,4948.0981321295785,1.802331472994431
naca_NCAP-DC-KEN1,Washington DC,naca,NCAP-DC-KEN1,0.6181716929838175,-0.12937149796211453,0.01182932048548082,0.04079976518212848,39.23170163170163,-0.05957842175394143,675.7533893757995,-0.4679558631134668
naca_NCAP-DC-NAT1,Washington DC,naca,NCAP-DC-NAT1,0.03429932627773229,-2.512125481610223,0,-0.04167884208929933,86.0497175141243,2.757889236726747,9052.223880428855,3.983228678904947
naca_NCAP-DC-NSP1,Washington DC,naca,NCAP-DC-NSP1,0.6646671844897177,0.06037428198011339,0.00631111735462412,0.0023247141906096,42.12764505119454,0.11469694578196776,2813.477988813299,0.6680126456125114
naca_NCAP-DC-OLV1,Washington DC,naca,NCAP-DC-OLV1,0.30683338235846536,-1.3999276026976983,2.712175050754702e-4,-0.03978780852454704,61.82969170906914,1.3003490546591363,3179.2990770149217,0.8624068328404916
naca_NCAP-DC-PBP1,Washington DC,naca,NCAP-DC-PBP1,0.5597811319662533,-0.36766046282091136,0.01042359633048652,0.03099851153835069,43.96,0.22496648005872175,2179.8127897082168,0.3312883961706713
naca_NCAP-DC-RCC1,Washington DC,naca,NCAP-DC-RCC1,0.2920657590425353,-1.4601935363015746,0,-0.04167884208929933,54.436109526525954,0.8554096806380488,6285.808285096338,2.513179169640249
naca_NCAP-DC-RCP1,Washington DC,naca,NCAP-DC-RCP1,0.929219111270204,1.1399974896584857,2.8163827309688155e-4,-0.03971515089098646,24.9796427087661,-0.9172549876078918,1430.7163794276084,-0.06677500839620185
naca_NCAP-DC-RCP2,Washington DC,naca,NCAP-DC-RCP2,0.9502904822188304,1.2259887026902212,0.00398506465217952,-0.01389342678993486,22.20340909090909,-1.0843263229319424,904.8698912210392,-0.34620532003877214
naca_NCAP-DC-RCP3,Washington DC,naca,NCAP-DC-RCP3,0.6323523751949961,-0.07150084170866867,2.816008778305411e-4,-0.03971541162527717,45.21573119511264,0.30053529610723484,6866.602400608365,2.821808178937623
naca_NCAP-DC-SHE1,Washington DC,naca,NCAP-DC-SHE1,0.40870004762407663,-0.9842148265786534,0.00196220507660978,-0.02799758777732586,57.299560853199495,1.0277297021613283,1238.501772198248,-0.16891620132027663
naca_NCAP-DC-SOV1,Washington DC,naca,NCAP-DC-SOV1,0.7703512339330945,0.4916656123780674,5.71735420218355e-4,-0.03769248114445613,36.067146282973624,-0.2500186226138987,4315.553786234314,1.4662028353304566
naca_NCAP-MD-BSP1,Washington DC,naca,NCAP-MD-BSP1,0.6347663048490662,-0.06164971528538801,0.00141170271953833,-0.0318359035763289,43.03722721437741,0.1694348128016759,3369.7716556082355,0.9636223266953932
naca_NCAP-MD-CCC1,Washington DC,naca,NCAP-MD-CCC1,0.7954116876479906,0.5939360730578014,0.00225226802500679,-0.02597515647755736,29.711739397664413,-0.6324815061502953,1854.0849970773943,0.15819944217594137
naca_NCAP-MD-CRG1,Washington DC,naca,NCAP-MD-CRG1,0.7601508854954598,0.45003849957002545,0.00957904128343647,0.02510994641491518,39.08346036585366,-0.06849945277814821,3005.0558628366352,0.7698154839745937
naca_NCAP-MD-CVH1,Washington DC,naca,NCAP-MD-CVH1,0.8492330665397396,0.8135784337388391,0,-0.04167884208929933,30.45297853039008,-0.5878743769438883,2745.4044847913037,0.6318389697012339
naca_NCAP-MD-FFP1,Washington DC,naca,NCAP-MD-FFP1,0.4782771594289985,-0.7002741063503884,2.8200014485686947e-4,-0.03971262778082039,25.279411764705884,-0.8992151453761171,501.957960845692,-0.5603092625282874
naca_NCAP-MD-GCP1,Washington DC,naca,NCAP-MD-GCP1,0.7428651787185598,0.37949639305590616,8.633785128940643e-4,-0.03565903246633903,41.62415426251692,0.0843973060662504,2677.1756121014155,0.5955827322130274
naca_NCAP-MD-HCR1,Washington DC,naca,NCAP-MD-HCR1,0.8525095362813999,0.8269495432045719,0.00169087001372816,-0.0298894410006661,31.822775800711742,-0.5054411632532722,941.5027713302294,-0.3267389218886436
naca_NCAP-MD-IST1,Washington DC,naca,NCAP-MD-IST1,0.8033872233626945,0.6264838361984822,0,-0.04167884208929933,32.10580204778157,-0.4884088887625499,2204.984496346457,0.3446644250845238
naca_NCAP-MD-KCP1,Washington DC,naca,NCAP-MD-KCP1,0.5153187860025827,-0.5491090772928597,0,-0.04167884208929933,49.77883472057075,0.57513891531153,1928.961637521924,0.1979882464057119
naca_NCAP-MD-LFP1,Washington DC,naca,NCAP-MD-LFP1,0.8352647245454827,0.7565743273113652,0,-0.04167884208929933,28.30812588069516,-0.7169497522844065,1170.7499100732723,-0.20491895948742697
naca_NCAP-MD-LFP2,Washington DC,naca,NCAP-MD-LFP2,0.8311553516714129,0.7398041817378986,0,-0.04167884208929933,31.35368156073002,-0.533670848450681,2301.8194208683035,0.3961216730530503
naca_NCAP-MD-LFP3,Washington DC,naca,NCAP-MD-LFP3,0.7893575464561821,0.569229425055719,5.636760069079279e-4,-0.03774867449775015,32.76365868631062,-0.4488196458602619,2411.106783674277,0.4541960398737172
naca_NCAP-MD-MRC1,Washington DC,naca,NCAP-MD-MRC1,0.8303361042104084,0.7364608737435255,0.04093292742815612,0.2437213928574604,33.685729005667184,-0.393330252414876,1159.9782871372695,-0.2106429074863365
naca_NCAP-MD-NWP1,Washington DC,naca,NCAP-MD-NWP1,0.9695772325583384,1.3046969680982032,0.01386270494372953,0.05497730973082564,18.227168949771688,-1.3236130118027825,946.7222103455506,-0.32396535678293226
naca_NCAP-MD-PBP1,Washington DC,naca,NCAP-MD-PBP1,0.5307006188272481,-0.486336585343039,0.00621012077585887,0.00162052689887457,50.8757785467128,0.6411520449812482,3108.2589312117675,0.8246567089429045
naca_NCAP-MD-PGM1,Washington DC,naca,NCAP-MD-PGM1,0.6418057700311866,-0.03292200926279244,5.643015679883892e-4,-0.03774431284344017,47.62720055229548,0.4456554340546161,3975.4052704479777,1.2854508327924152
naca_NCAP-MD-RCP1,Washington DC,naca,NCAP-MD-RCP1,0.6432037599179179,-0.02721688231783857,0.00338490291896842,-0.0180779870065267,43.343350193394826,0.18785702862272585,3542.878915649801,1.0556100392804475
naca_NCAP-MD-RCS2,Washington DC,naca,NCAP-MD-RCS2,0.8917659747554292,0.987153109072104,0.00225552376883411,-0.02595245616972143,24.47438330170778,-0.9476610612464036,1047.466194020266,-0.2704308683234768
naca_NCAP-MD-SCG1,Washington DC,naca,NCAP-MD-SCG1,0.9055118150670046,1.0432491972390656,5.631675057861035e-4,-0.03775221996465803,24.01490119857467,-0.97531229637092,1693.7605010138348,0.07300438068229143
naca_NCAP-MD-SLC1,Washington DC,naca,NCAP-MD-SLC1,0.8451091418174075,0.796748902798992,5.630389932366977e-4,-0.0377531160039618,33.34728580771746,-0.4136974710268488,2940.132040309712,0.7353155217829692
naca_NCAP-MD-SLP1,Washington DC,naca,NCAP-MD-SLP1,0.6724794765065003,0.09225585573813552,8.452263831674673e-4,-0.03578559615025457,46.97585669781932,0.4064581248575444,1949.037211205459,0.20865623399639813
naca_NCAP-MD-SYC1,Washington DC,naca,NCAP-MD-SYC1,0.7300311621899852,0.32712141223229635,5.63535115266814e-4,-0.03774965684887924,16.72685185185185,-1.413900795707819,762.7396441834493,-0.4217321137214709
naca_NCAP-MD-TCC1,Washington DC,naca,NCAP-MD-TCC1,0.8215647066241687,0.7006652380317658,0.07841347196521463,0.5050502762016549,27.697836706210747,-0.7536764263867208,394.1458279502636,-0.6175997048331627
naca_NCAP-MD-TPB1,Washington DC,naca,NCAP-MD-TPB1,0.8162764746461696,0.6790842272997137,0,-0.04167884208929933,30.743188224240527,-0.5704098088456876,3422.455727119616,0.9916181902243733
naca_NCAP-MD-WMR1,Washington DC,naca,NCAP-MD-WMR1,0.8599786459113126,0.85743060677225,0.05462068262353405,0.3391577272244833,33.31636363636363,-0.4155583405249969,822.8481962496442,-0.38979094493374206
naca_NCAP-VA-ANC1,Washington DC,naca,NCAP-VA-ANC1,0.5777242241623172,-0.29443559922558,0.01923104926430522,0.09240748701429832,38.15474759615385,-0.1243885831338332,3772.807051100251,1.1777918774884752
naca_NCAP-VA-ARM1,Washington DC,naca,NCAP-VA-ARM1,0.5634253836541793,-0.35278845359086514,0.0045146608288162,-0.01020087698380871,42.60332048621405,0.14332268159843087,3635.7626400879817,1.104967653429023
naca_NCAP-VA-BAR1,Washington DC,naca,NCAP-VA-BAR1,0.5785375663186761,-0.2911163904846929,0,-0.04167884208929933,47.51088623121742,0.4386557389227555,4414.080693169886,1.518559188235052
naca_NCAP-VA-BBP1,Washington DC,naca,NCAP-VA-BBP1,0.4209132131064434,-0.9343735078838912,0.00140883494374473,-0.03185589882066382,57.04214675560946,1.0122387446500511,4532.479242730304,1.5814751615156404
naca_NCAP-VA-BLU1,Washington DC,naca,NCAP-VA-BLU1,0.7977610696781208,0.6035237838497762,0.00340598100962794,-0.01793102238893331,36.44515050167224,-0.2272706560271204,2456.9030278645832,0.4785317710674369
naca_NCAP-VA-BMP1,Washington DC,naca,NCAP-VA-BMP1,0.6670385851475843,0.07005184969278727,0.00565742410094325,-0.0022330885346188898,41.665742024965326,0.08690002160168082,3718.461952730913,1.148913358540137
naca_NCAP-VA-BSH1,Washington DC,naca,NCAP-VA-BSH1,0.6252305796660903,-0.10056453376685064,8.449795450464246e-4,-0.0357873172013048,46.248768472906406,0.3627025850307624,1724.120045489335,0.08913718210699732
naca_NCAP-VA-CPL1,Washington DC,naca,NCAP-VA-CPL1,0.2015244638648682,-1.8296880424148352,0.00197191085965154,-0.02792991529615967,62.38879384088965,1.3339953368541773,1410.3858091603263,-0.0775784989834131
naca_NCAP-VA-DAI1,Washington DC,naca,NCAP-VA-DAI1,0.1879407069505722,-1.8851226763281397,0.00310039662998976,-0.02006167512316229,55.92807625649913,0.9451949466302116,943.1674778352548,-0.32585431113640834
naca_NCAP-VA-DOK1,Washington DC,naca,NCAP-VA-DOK1,0.7654835780872614,0.4718009518476861,5.634189470152266e-4,-0.03775046681895418,36.26112326768782,-0.23834525562854036,3219.558070827891,0.8838001166978043
naca_NCAP-VA-FMR1,Washington DC,naca,NCAP-VA-FMR1,0.3594303277458676,-1.1852820940284343,0.00225374569484496,-0.02596485359072554,57.840492640432565,1.0602825087518684,4336.878637139856,1.4775346781171028
naca_NCAP-VA-FTW1,Washington DC,naca,NCAP-VA-FTW1,0.5907028098340272,-0.24147063894522375,5.634132186857542e-4,-0.03775050675908746,46.282175226586105,0.36471297454200863,2051.7248808720938,0.2632235805135534
naca_NCAP-VA-JDP1,Washington DC,naca,NCAP-VA-JDP1,0.4389392515944615,-0.8608101446114852,0.00676365955046391,0.00548001377778646,52.17713567839196,0.7194665903871716,3424.6228498271676,0.9927697806354912
naca_NCAP-VA-JPP1,Washington DC,naca,NCAP-VA-JPP1,0.10339818530470904,-2.2301364870960354,0.00225367897825765,-0.02596531876463048,66.65031736872476,1.5904501329242031,2134.8622402026094,0.3074020598756527
naca_NCAP-VA-LBJ1,Washington DC,naca,NCAP-VA-LBJ1,0.3878152027275624,-1.0694448361024516,0.01156569504732872,0.038961666450524,41.55929123125852,0.0804939050066987,0.3167537611660184,-0.8268770954835957
naca_NCAP-VA-LEE1,Washington DC,naca,NCAP-VA-LEE1,0.899914180042523,1.020405528118643,0.01556716489276699,0.06686146511566676,30.544921158782547,-0.5823413491756455,1165.8035022474207,-0.20754743816188384
naca_NCAP-VA-LIC1,Washington DC,naca,NCAP-VA-LIC1,0.762204250388864,0.45841817920316824,0,-0.04167884208929933,36.485768500948765,-0.22482629999970544,2410.2283634432183,0.4537292549004925
naca_NCAP-VA-LOF1,Washington DC,naca,NCAP-VA-LOF1,0.8940301153289478,0.9963929537346046,0.00620345912930648,0.00157407931716859,31.301660872923907,-0.536801408400802,1279.844110875771,-0.14694723729791942
naca_NCAP-VA-MBL1,Washington DC,naca,NCAP-VA-MBL1,0.9616335221744636,1.2722790825440262,0.003662282447602,-0.01614398942523009,20.38877424680149,-1.193529476650911,1115.5319473816471,-0.23426131104674253
naca_NCAP-VA-MCC1,Washington DC,naca,NCAP-VA-MCC1,0.7624301586756699,0.45934009964506656,0.00569369568166573,-0.00198018901556411,35.0237061769616,-0.3128119447323242,1620.2808852856635,0.03395794339918572
naca_NCAP-VA-MDP1,Washington DC,naca,NCAP-VA-MDP1,0.8388440919861401,0.7711815471671045,0.01249314289240125,0.04542819228963353,29.300144822592323,-0.6572509112994592,1892.2066235192824,0.17845694735261136
naca_NCAP-VA-MHP1,Washington DC,naca,NCAP-VA-MHP1,0.8616656406863951,0.8643151482404453,0.00394317431645902,-0.01418550244657128,31.982753310748382,-0.4958138552156044,2177.2895641235673,0.32994757574631556
naca_NCAP-VA-MON1,Washington DC,naca,NCAP-VA-MON1,0.7336446717868939,0.3418679645234394,0,-0.04167884208929933,35.27110050700865,-0.2979239681561803,4604.336883728661,1.6196596953451847
naca_NCAP-VA-MTV1,Washington DC,naca,NCAP-VA-MTV1,0.823951653755887,0.7104062501282026,5.631401243902915e-4,-0.0377524108783622,35.31733800350263,-0.2951414356518541,1783.228150618217,0.120546721976886
naca_NCAP-VA-POT1,Washington DC,naca,NCAP-VA-POT1,0.8181863699935286,0.6868784148769473,0.0011011812868758,-0.0340009793577628,24.85904872389791,-0.9245122292011008,825.777691586441,-0.38823423624921993
naca_NCAP-VA-PRC1,Washington DC,naca,NCAP-VA-PRC1,0.7152206844869271,0.2666805920136926,0.00488385902163482,-0.00762668408843634,39.99070977331847,-0.01390196897773901,1428.1450181645948,-0.06814140770699703
naca_NCAP-VA-RTP1,Washington DC,naca,NCAP-VA-RTP1,0.9675717762550234,1.2965128010297835,0.00140893004202326,-0.03185523575860743,20.95841281953453,-1.1592491205647188,1481.1661593405108,-0.03996642825061462
naca_NCAP-VA-TKY1,Washington DC,naca,NCAP-VA-TKY1,0.7449511375701516,0.3880090870054357,0.00112745131195321,-0.03381781456110101,20.95498783454988,-1.159455233195576,179.57405461153027,-0.7316213039850958
naca_NCAP-VA-TRI1,Washington DC,naca,NCAP-VA-TRI1,0.3072703263174188,-1.3981444562119332,0.00610377541526228,8.790458271131097e-4,58.74326923076923,1.1146108222902893,2485.847047431525,0.4939123747020894
naca_NCAP-VA-TUK1,Washington DC,naca,NCAP-VA-TUK1,0.722364131066574,0.29583264092920397,0.00310201801194446,-0.02005037021975359,39.64641048555258,-0.03462160200436058,2577.054502445458,0.5423792336623748
naca_NCAP-VA-UPT1,Washington DC,naca,NCAP-VA-UPT1,0.6640894302473718,0.05801649575658343,0.00816001539103843,0.01521594790242763,42.354198473282445,0.12833073456220606,3536.4306183494573,1.0521834694266785
naca_NCAP-VA-WAR1,Washington DC,naca,NCAP-VA-WAR1,0.5214233909750833,-0.52419648912075,0,-0.04167884208929933,49.27479526842584,0.544806257503411,4214.194876216369,1.4123415802887769
wide_ASP,"Wilmington, DE",wide,ASP,0.8148652310867074,0.9028894612438236,0.02758814694383064,-0.4338448949787298,31.99696816574027,-0.4038823882621559,370.4543517372223,-0.6301891520006448
wide_BCP,"Wilmington, DE",wide,BCP,0.631311232830112,0.15381475673634903,0.32407012946276886,1.6333423985980813,20.57873210633947,-1.0910219478507508,64.26373863475266,-0.7928962164388931
wide_BKP,"Wilmington, DE",wide,BKP,0.7672307551373775,0.7084955426421043,0.03927720384205827,-0.35234425980145034,36.97824874511991,-0.1041132360309691,1496.3840235425191,-0.03187978579531494
wide_BNP,"Wilmington, DE",wide,BNP,0.6079901901585176,0.05864274569897525,0.01358588391663419,-0.5314740998471638,48.12339585389931,0.5665920669629734,1084.2628759747215,-0.25087742727832724
wide_BNP3,"Wilmington, DE",wide,BNP3,0.4996577901424699,-0.38345637118959225,0.00157921262363782,-0.615189265686795,48.90600226500566,0.613688643164521,998.771528293989,-0.296306795850598
wide_BRG,"Wilmington, DE",wide,BRG,0.7018432985045132,0.44165259603798057,0.04466211757815801,-0.31479855413091584,38.54245671887881,-0.00998055453777698,1950.9098875706147,0.2096513581477561
wide_CBP2,"Wilmington, DE",wide,CBP2,0.3990688401396522,-0.7939548551002819,0.00394478825402857,-0.5986955555341845,56.11118070779831,1.0472900432565762,3024.861415598887,0.780339984764709
wide_CMP,"Wilmington, DE",wide,CMP,0.5530460576241383,-0.1655815165536771,0.01583955308237948,-0.5157606449391343,48.31160817585808,0.5779185215350362,1129.755808643873,-0.22670287322428992
wide_CWP,"Wilmington, DE",wide,CWP,0.6601465755953094,0.27149035120101966,0.01141568058178224,-0.5466055986322456,32.75133689839572,-0.3584851311002233,827.4401548739004,-0.3873508175235507
wide_DEC,"Wilmington, DE",wide,DEC,0.23525878891380045,-1.462455497324512,5.637454306753475e-4,-0.6222694965342195,65.27921163772876,1.599014206491087,99.39544526032029,-0.7742275289966726
wide_FLW,"Wilmington, DE",wide,FLW,0.853825509027184,1.0618844107572318,0.13544099369991763,0.31814695456318504,11.959114139693355,-1.6097430937975237,143.23950325657628,-0.7509291727951266
wide_FZS,"Wilmington, DE",wide,FZS,0.3034909468045257,-1.1840034668846582,5.63390538352508e-4,-0.6222719709810446,55.272183449651045,0.9967999147060542,28.3958090868406,-0.8119561264246561
wide_GLP2,"Wilmington, DE",wide,GLP2,0.6766766312193382,0.3389486830797509,0.18108314626621855,0.6363817323899447,38.873194221508825,0.00992294200182304,291.31007858768976,-0.6722457396300958
wide_JSC,"Wilmington, DE",wide,JSC,0.689344335654751,0.3906449525528888,0.2892471424492859,1.390543036333077,9.182692307692308,-1.7768257556857974,44.66834264270755,-0.8033090417246365
wide_LMC,"Wilmington, DE",wide,LMC,0.90827284137453,1.2840812562451394,0.0466094281975402,-0.3012211497475755,13.857304643261608,-1.495511632838782,427.6216715806205,-0.5998109287779465
wide_LMR2,"Wilmington, DE",wide,LMR2,0.6291155360755799,0.14485422788265473,0.01325520358972745,-0.5337797312525183,45.44339279213688,0.4053118031835816,1201.2062594685883,-0.18873471675899592
wide_MAR,"Wilmington, DE",wide,MAR,0.5248352440751627,-0.28070843846127463,0.47121132947379646,2.6592678745416696,6.588235294117647,-1.9329579323551935,33.25881622222621,-0.8093719661614672
wide_MRP,"Wilmington, DE",wide,MRP,0.655467641600364,0.25239585512377166,0.00197858353900958,-0.6124046968753397,40.07515589104037,0.08225595455714568,1690.0389474332917,0.07102677904354632
wide_RPL3,"Wilmington, DE",wide,RPL3,0.7171194215525516,0.5039936916660515,0.0878351316165121,-0.01377956711777381,34.917637271214645,-0.22811905035258817,1589.9430794490795,0.01783669370066487
wide_RPW,"Wilmington, DE",wide,RPW,0.31624695459996316,-1.1319468358070564,0.00678165460008401,-0.5789158238475655,54.40973630831643,0.9448985924893714,627.3099875737764,-0.49369827114728826
wide_RVC,"Wilmington, DE",wide,RVC,0.26616168141828384,-1.3363423355787127,7.019191760849104e-7,-0.6261952541226348,60.26704871060172,1.2973865813119057,4588.998373594881,1.6115089426769815
wide_SBP,"Wilmington, DE",wide,SBP,0.7698697039204669,0.7192649608987403,0.07924136809387379,-0.07369861719653216,30.41499628804751,-0.4990840861132329,721.869462554855,-0.44345017753951865
wide_SLP,"Wilmington, DE",wide,SLP,0.5570631350843235,-0.14918802395720762,5.633301736663953e-4,-0.6222723918670324,49.37946572256196,0.6421812640924861,2009.4873475902848,0.24077891775997623
wide_SMP,"Wilmington, DE",wide,SMP,0.7276776883119259,0.5470814512790744,0.00448656622031442,-0.5949180695691665,39.31823647294589,0.03670519935400025,2186.054266758857,0.33460506351843367
wide_SSL2,"Wilmington, DE",wide,SSL2,0.4913620617556642,-0.4173108246422152,0.2868724671930219,1.3739858800620155,49.73761946133797,0.6637346459850362,77.47369007823191,-0.7858765615939518
wide_SSL3,"Wilmington, DE",wide,SSL3,0.8222322241098413,0.9329537920365436,0.1186687523401955,0.20120438716313613,29.786915887850466,-0.5368814207744217,183.4581478811959,-0.7295573301502738
wide_WBC,"Wilmington, DE",wide,WBC,0.2467781408623943,-1.4154455970283166,0,-0.6262001481751825,65.42628501077255,1.607864954737556,4057.836064950565,1.3292538496678543
wide_WIDE-A08-GLP1,"Wilmington, DE",wide,WIDE-A08-GLP1,0.6182821922538844,0.1006438925091899,0.00755255374064222,-0.5735408162519877,45.46597582037997,0.4066708302697626,1717.6337717799236,0.08569043191531803
wide_WIN2,"Wilmington, DE",wide,WIN2,0.5707484676051915,-0.09333886506378432,0.3906134676377163,2.0973083434380833,14.586489252814738,-1.4516299343995036,24.61583711086546,-0.8139647710974565
